_semana,_cat,n,total,pct,cat_nome
2025-03-03,17,163,500,32.6,Sports
2025-03-03,24,100,500,20.0,Entertainment
2025-03-03,10,80,500,16.0,Music
2025-03-03,20,75,500,15.0,Gaming
2025-03-03,22,30,500,6.0,People & Blogs
2025-03-03,28,18,500,3.6,Science & Tech
2025-03-03,25,14,500,2.8,News & Politics
2025-03-03,1,8,500,1.6,Film & Animation
2025-03-03,27,4,500,0.8,Education
2025-03-03,19,3,500,0.6,Travel & Events
2025-03-03,23,3,500,0.6,Comedy
2025-03-03,2,2,500,0.4,Autos & Vehicles
2025-03-10,17,227,700,32.43,Sports
2025-03-10,10,120,700,17.14,Music
2025-03-10,24,103,700,14.71,Entertainment
2025-03-10,20,96,700,13.71,Gaming
2025-03-10,22,57,700,8.14,People & Blogs
2025-03-10,28,35,700,5.0,Science & Tech
2025-03-10,1,19,700,2.71,Film & Animation
2025-03-10,27,14,700,2.0,Education
2025-03-10,23,11,700,1.57,Comedy
2025-03-10,25,11,700,1.57,News & Politics
2025-03-10,19,7,700,1.0,Travel & Events
2025-03-17,17,207,700,29.57,Sports
2025-03-17,24,142,700,20.29,Entertainment
2025-03-17,20,104,700,14.86,Gaming
2025-03-17,10,100,700,14.29,Music
2025-03-17,22,52,700,7.43,People & Blogs
2025-03-17,28,38,700,5.43,Science & Tech
2025-03-17,25,16,700,2.29,News & Politics
2025-03-17,1,13,700,1.86,Film & Animation
2025-03-17,27,11,700,1.57,Education
2025-03-17,26,5,700,0.71,Howto & Style
2025-03-17,19,4,700,0.57,Travel & Events
2025-03-17,2,4,700,0.57,Autos & Vehicles
2025-03-17,23,4,700,0.57,Comedy
2025-03-24,17,205,700,29.29,Sports
2025-03-24,24,142,700,20.29,Entertainment
2025-03-24,20,133,700,19.0,Gaming
2025-03-24,10,94,700,13.43,Music
2025-03-24,22,45,700,6.43,People & Blogs
2025-03-24,28,39,700,5.57,Science & Tech
2025-03-24,25,11,700,1.57,News & Politics
2025-03-24,1,10,700,1.43,Film & Animation
2025-03-24,23,8,700,1.14,Comedy
2025-03-24,27,5,700,0.71,Education
2025-03-24,2,4,700,0.57,Autos & Vehicles
2025-03-24,26,4,700,0.57,Howto & Style
2025-03-31,17,164,700,23.43,Sports
2025-03-31,24,148,700,21.14,Entertainment
2025-03-31,20,137,700,19.57,Gaming
2025-03-31,10,112,700,16.0,Music
2025-03-31,22,45,700,6.43,People & Blogs
2025-03-31,28,36,700,5.14,Science & Tech
2025-03-31,1,24,700,3.43,Film & Animation
2025-03-31,23,13,700,1.86,Comedy
2025-03-31,19,7,700,1.0,Travel & Events
2025-03-31,15,4,700,0.57,Pets & Animals
2025-03-31,2,4,700,0.57,Autos & Vehicles
2025-03-31,27,3,700,0.43,Education
2025-03-31,25,2,700,0.29,News & Politics
2025-03-31,26,1,700,0.14,Howto & Style
2025-04-07,17,205,700,29.29,Sports
2025-04-07,10,129,700,18.43,Music
2025-04-07,24,111,700,15.86,Entertainment
2025-04-07,20,108,700,15.43,Gaming
2025-04-07,22,39,700,5.57,People & Blogs
2025-04-07,28,28,700,4.0,Science & Tech
2025-04-07,1,26,700,3.71,Film & Animation
2025-04-07,25,15,700,2.14,News & Politics
2025-04-07,27,15,700,2.14,Education
2025-04-07,26,9,700,1.29,Howto & Style
2025-04-07,19,7,700,1.0,Travel & Events
2025-04-07,15,4,700,0.57,Pets & Animals
2025-04-07,23,4,700,0.57,Comedy
2025-04-14,17,189,700,27.0,Sports
2025-04-14,20,149,700,21.29,Gaming
2025-04-14,24,131,700,18.71,Entertainment
2025-04-14,10,128,700,18.29,Music
2025-04-14,22,33,700,4.71,People & Blogs
2025-04-14,25,17,700,2.43,News & Politics
2025-04-14,28,15,700,2.14,Science & Tech
2025-04-14,1,14,700,2.0,Film & Animation
2025-04-14,2,14,700,2.0,Autos & Vehicles
2025-04-14,27,5,700,0.71,Education
2025-04-14,19,4,700,0.57,Travel & Events
2025-04-14,26,1,700,0.14,Howto & Style
2025-04-21,17,178,700,25.43,Sports
2025-04-21,20,166,700,23.71,Gaming
2025-04-21,24,128,700,18.29,Entertainment
2025-04-21,10,96,700,13.71,Music
2025-04-21,22,57,700,8.14,People & Blogs
2025-04-21,25,24,700,3.43,News & Politics
2025-04-21,1,20,700,2.86,Film & Animation
2025-04-21,23,11,700,1.57,Comedy
2025-04-21,28,8,700,1.14,Science & Tech
2025-04-21,26,7,700,1.0,Howto & Style
2025-04-21,2,5,700,0.71,Autos & Vehicles
2025-04-28,17,160,700,22.86,Sports
2025-04-28,24,158,700,22.57,Entertainment
2025-04-28,20,155,700,22.14,Gaming
2025-04-28,10,124,700,17.71,Music
2025-04-28,22,32,700,4.57,People & Blogs
2025-04-28,25,18,700,2.57,News & Politics
2025-04-28,27,12,700,1.71,Education
2025-04-28,23,10,700,1.43,Comedy
2025-04-28,1,9,700,1.29,Film & Animation
2025-04-28,26,7,700,1.0,Howto & Style
2025-04-28,15,4,700,0.57,Pets & Animals
2025-04-28,19,4,700,0.57,Travel & Events
2025-04-28,28,4,700,0.57,Science & Tech
2025-04-28,2,3,700,0.43,Autos & Vehicles
2025-05-05,17,178,700,25.43,Sports
2025-05-05,20,158,700,22.57,Gaming
2025-05-05,24,145,700,20.71,Entertainment
2025-05-05,10,104,700,14.86,Music
2025-05-05,22,36,700,5.14,People & Blogs
2025-05-05,25,25,700,3.57,News & Politics
2025-05-05,28,13,700,1.86,Science & Tech
2025-05-05,2,11,700,1.57,Autos & Vehicles
2025-05-05,1,10,700,1.43,Film & Animation
2025-05-05,23,9,700,1.29,Comedy
2025-05-05,26,5,700,0.71,Howto & Style
2025-05-05,29,3,700,0.43,Cat 29
2025-05-05,27,2,700,0.29,Education
2025-05-05,15,1,700,0.14,Pets & Animals
2025-05-12,17,199,700,28.43,Sports
2025-05-12,24,147,700,21.0,Entertainment
2025-05-12,10,109,700,15.57,Music
2025-05-12,20,88,700,12.57,Gaming
2025-05-12,22,45,700,6.43,People & Blogs
2025-05-12,28,26,700,3.71,Science & Tech
2025-05-12,25,24,700,3.43,News & Politics
2025-05-12,23,16,700,2.29,Comedy
2025-05-12,2,15,700,2.14,Autos & Vehicles
2025-05-12,1,11,700,1.57,Film & Animation
2025-05-12,15,10,700,1.43,Pets & Animals
2025-05-12,26,5,700,0.71,Howto & Style
2025-05-12,27,5,700,0.71,Education
2025-05-19,17,185,700,26.43,Sports
2025-05-19,24,141,700,20.14,Entertainment
2025-05-19,10,138,700,19.71,Music
2025-05-19,20,80,700,11.43,Gaming
2025-05-19,28,44,700,6.29,Science & Tech
2025-05-19,22,36,700,5.14,People & Blogs
2025-05-19,1,27,700,3.86,Film & Animation
2025-05-19,23,18,700,2.57,Comedy
2025-05-19,19,9,700,1.29,Travel & Events
2025-05-19,27,7,700,1.0,Education
2025-05-19,15,5,700,0.71,Pets & Animals
2025-05-19,2,5,700,0.71,Autos & Vehicles
2025-05-19,25,5,700,0.71,News & Politics
2025-05-26,17,156,649,24.04,Sports
2025-05-26,24,152,649,23.42,Entertainment
2025-05-26,10,140,649,21.57,Music
2025-05-26,20,83,649,12.79,Gaming
2025-05-26,22,45,649,6.93,People & Blogs
2025-05-26,28,31,649,4.78,Science & Tech
2025-05-26,25,14,649,2.16,News & Politics
2025-05-26,2,10,649,1.54,Autos & Vehicles
2025-05-26,23,7,649,1.08,Comedy
2025-05-26,19,6,649,0.92,Travel & Events
2025-05-26,1,3,649,0.46,Film & Animation
2025-05-26,27,2,649,0.31,Education
2025-06-02,20,158,699,22.6,Gaming
2025-06-02,24,143,699,20.46,Entertainment
2025-06-02,17,136,699,19.46,Sports
2025-06-02,10,118,699,16.88,Music
2025-06-02,22,43,699,6.15,People & Blogs
2025-06-02,28,31,699,4.43,Science & Tech
2025-06-02,23,28,699,4.01,Comedy
2025-06-02,1,15,699,2.15,Film & Animation
2025-06-02,25,9,699,1.29,News & Politics
2025-06-02,26,4,699,0.57,Howto & Style
2025-06-02,15,3,699,0.43,Pets & Animals
2025-06-02,19,3,699,0.43,Travel & Events
2025-06-02,2,3,699,0.43,Autos & Vehicles
2025-06-02,27,3,699,0.43,Education
2025-06-02,29,2,699,0.29,Cat 29
2025-06-09,17,136,700,19.43,Sports
2025-06-09,10,129,700,18.43,Music
2025-06-09,24,120,700,17.14,Entertainment
2025-06-09,20,119,700,17.0,Gaming
2025-06-09,22,85,700,12.14,People & Blogs
2025-06-09,28,46,700,6.57,Science & Tech
2025-06-09,25,23,700,3.29,News & Politics
2025-06-09,23,22,700,3.14,Comedy
2025-06-09,1,12,700,1.71,Film & Animation
2025-06-09,27,6,700,0.86,Education
2025-06-09,15,1,700,0.14,Pets & Animals
2025-06-09,2,1,700,0.14,Autos & Vehicles
2025-06-16,17,159,700,22.71,Sports
2025-06-16,20,154,700,22.0,Gaming
2025-06-16,24,136,700,19.43,Entertainment
2025-06-16,10,83,700,11.86,Music
2025-06-16,22,45,700,6.43,People & Blogs
2025-06-16,28,33,700,4.71,Science & Tech
2025-06-16,25,32,700,4.57,News & Politics
2025-06-16,23,26,700,3.71,Comedy
2025-06-16,1,12,700,1.71,Film & Animation
2025-06-16,27,7,700,1.0,Education
2025-06-16,15,5,700,0.71,Pets & Animals
2025-06-16,26,5,700,0.71,Howto & Style
2025-06-16,2,3,700,0.43,Autos & Vehicles
2025-06-23,24,152,699,21.75,Entertainment
2025-06-23,20,131,699,18.74,Gaming
2025-06-23,17,121,699,17.31,Sports
2025-06-23,10,102,699,14.59,Music
2025-06-23,22,50,699,7.15,People & Blogs
2025-06-23,25,47,699,6.72,News & Politics
2025-06-23,28,36,699,5.15,Science & Tech
2025-06-23,23,23,699,3.29,Comedy
2025-06-23,1,19,699,2.72,Film & Animation
2025-06-23,19,7,699,1.0,Travel & Events
2025-06-23,2,4,699,0.57,Autos & Vehicles
2025-06-23,26,4,699,0.57,Howto & Style
2025-06-23,29,3,699,0.43,Cat 29
2025-06-30,20,181,700,25.86,Gaming
2025-06-30,17,143,700,20.43,Sports
2025-06-30,24,122,700,17.43,Entertainment
2025-06-30,10,86,700,12.29,Music
2025-06-30,22,65,700,9.29,People & Blogs
2025-06-30,28,40,700,5.71,Science & Tech
2025-06-30,23,23,700,3.29,Comedy
2025-06-30,1,16,700,2.29,Film & Animation
2025-06-30,25,11,700,1.57,News & Politics
2025-06-30,2,9,700,1.29,Autos & Vehicles
2025-06-30,19,4,700,0.57,Travel & Events
2025-07-07,20,163,700,23.29,Gaming
2025-07-07,24,156,700,22.29,Entertainment
2025-07-07,10,130,700,18.57,Music
2025-07-07,17,129,700,18.43,Sports
2025-07-07,22,64,700,9.14,People & Blogs
2025-07-07,28,27,700,3.86,Science & Tech
2025-07-07,25,9,700,1.29,News & Politics
2025-07-07,1,7,700,1.0,Film & Animation
2025-07-07,23,7,700,1.0,Comedy
2025-07-07,19,5,700,0.71,Travel & Events
2025-07-07,2,3,700,0.43,Autos & Vehicles
2025-07-14,17,173,700,24.71,Sports
2025-07-14,24,142,700,20.29,Entertainment
2025-07-14,20,135,700,19.29,Gaming
2025-07-14,10,111,700,15.86,Music
2025-07-14,22,59,700,8.43,People & Blogs
2025-07-14,28,31,700,4.43,Science & Tech
2025-07-14,25,15,700,2.14,News & Politics
2025-07-14,23,12,700,1.71,Comedy
2025-07-14,2,9,700,1.29,Autos & Vehicles
2025-07-14,19,7,700,1.0,Travel & Events
2025-07-14,1,4,700,0.57,Film & Animation
2025-07-14,15,1,700,0.14,Pets & Animals
2025-07-14,27,1,700,0.14,Education
2025-07-21,20,221,700,31.57,Gaming
2025-07-21,10,203,700,29.0,Music
2025-07-21,24,81,700,11.57,Entertainment
2025-07-21,17,66,700,9.43,Sports
2025-07-21,22,65,700,9.29,People & Blogs
2025-07-21,1,30,700,4.29,Film & Animation
2025-07-21,28,11,700,1.57,Science & Tech
2025-07-21,25,8,700,1.14,News & Politics
2025-07-21,2,6,700,0.86,Autos & Vehicles
2025-07-21,15,5,700,0.71,Pets & Animals
2025-07-21,23,4,700,0.57,Comedy
2025-07-28,10,275,700,39.29,Music
2025-07-28,20,263,700,37.57,Gaming
2025-07-28,24,66,700,9.43,Entertainment
2025-07-28,22,45,700,6.43,People & Blogs
2025-07-28,1,33,700,4.71,Film & Animation
2025-07-28,17,6,700,0.86,Sports
2025-07-28,27,5,700,0.71,Education
2025-07-28,23,4,700,0.57,Comedy
2025-07-28,28,3,700,0.43,Science & Tech
2025-08-04,20,274,700,39.14,Gaming
2025-08-04,10,263,700,37.57,Music
2025-08-04,22,72,700,10.29,People & Blogs
2025-08-04,24,57,700,8.14,Entertainment
2025-08-04,1,24,700,3.43,Film & Animation
2025-08-04,17,3,700,0.43,Sports
2025-08-04,27,3,700,0.43,Education
2025-08-04,23,2,700,0.29,Comedy
2025-08-04,28,2,700,0.29,Science & Tech
2025-08-11,20,276,700,39.43,Gaming
2025-08-11,10,273,700,39.0,Music
2025-08-11,22,76,700,10.86,People & Blogs
2025-08-11,24,52,700,7.43,Entertainment
2025-08-11,1,14,700,2.0,Film & Animation
2025-08-11,23,3,700,0.43,Comedy
2025-08-11,27,3,700,0.43,Education
2025-08-11,17,2,700,0.29,Sports
2025-08-11,2,1,700,0.14,Autos & Vehicles
2025-08-18,20,302,700,43.14,Gaming
2025-08-18,10,272,700,38.86,Music
2025-08-18,22,63,700,9.0,People & Blogs
2025-08-18,24,39,700,5.57,Entertainment
2025-08-18,1,20,700,2.86,Film & Animation
2025-08-18,2,4,700,0.57,Autos & Vehicles
2025-08-25,10,279,700,39.86,Music
2025-08-25,20,276,700,39.43,Gaming
2025-08-25,22,64,700,9.14,People & Blogs
2025-08-25,24,58,700,8.29,Entertainment
2025-08-25,1,20,700,2.86,Film & Animation
2025-08-25,2,2,700,0.29,Autos & Vehicles
2025-08-25,28,1,700,0.14,Science & Tech
2025-09-01,10,289,700,41.29,Music
2025-09-01,20,277,700,39.57,Gaming
2025-09-01,24,49,700,7.0,Entertainment
2025-09-01,22,46,700,6.57,People & Blogs
2025-09-01,1,35,700,5.0,Film & Animation
2025-09-01,17,4,700,0.57,Sports
2025-09-08,20,283,700,40.43,Gaming
2025-09-08,10,243,700,34.71,Music
2025-09-08,22,75,700,10.71,People & Blogs
2025-09-08,24,59,700,8.43,Entertainment
2025-09-08,1,37,700,5.29,Film & Animation
2025-09-08,28,2,700,0.29,Science & Tech
2025-09-08,17,1,700,0.14,Sports
2025-09-15,20,287,700,41.0,Gaming
2025-09-15,10,256,700,36.57,Music
2025-09-15,22,68,700,9.71,People & Blogs
2025-09-15,24,63,700,9.0,Entertainment
2025-09-15,1,24,700,3.43,Film & Animation
2025-09-15,17,2,700,0.29,Sports
2025-09-22,20,287,700,41.0,Gaming
2025-09-22,10,228,700,32.57,Music
2025-09-22,22,73,700,10.43,People & Blogs
2025-09-22,24,65,700,9.29,Entertainment
2025-09-22,1,39,700,5.57,Film & Animation
2025-09-22,17,3,700,0.43,Sports
2025-09-22,27,3,700,0.43,Education
2025-09-22,28,2,700,0.29,Science & Tech
2025-09-29,20,289,700,41.29,Gaming
2025-09-29,10,268,700,38.29,Music
2025-09-29,22,64,700,9.14,People & Blogs
2025-09-29,24,50,700,7.14,Entertainment
2025-09-29,1,17,700,2.43,Film & Animation
2025-09-29,17,8,700,1.14,Sports
2025-09-29,27,4,700,0.57,Education
2025-10-06,20,257,699,36.77,Gaming
2025-10-06,10,251,699,35.91,Music
2025-10-06,24,78,699,11.16,Entertainment
2025-10-06,22,63,699,9.01,People & Blogs
2025-10-06,1,39,699,5.58,Film & Animation
2025-10-06,27,7,699,1.0,Education
2025-10-06,17,2,699,0.29,Sports
2025-10-06,23,1,699,0.14,Comedy
2025-10-06,28,1,699,0.14,Science & Tech
2025-10-13,20,272,699,38.91,Gaming
2025-10-13,10,268,699,38.34,Music
2025-10-13,22,65,699,9.3,People & Blogs
2025-10-13,24,51,699,7.3,Entertainment
2025-10-13,1,23,699,3.29,Film & Animation
2025-10-13,17,14,699,2.0,Sports
2025-10-13,27,4,699,0.57,Education
2025-10-13,23,2,699,0.29,Comedy
2025-10-20,10,287,700,41.0,Music
2025-10-20,20,272,700,38.86,Gaming
2025-10-20,22,68,700,9.71,People & Blogs
2025-10-20,24,42,700,6.0,Entertainment
2025-10-20,17,17,700,2.43,Sports
2025-10-20,1,13,700,1.86,Film & Animation
2025-10-20,27,1,700,0.14,Education
2025-10-27,20,234,600,39.0,Gaming
2025-10-27,10,212,600,35.33,Music
2025-10-27,24,75,600,12.5,Entertainment
2025-10-27,22,43,600,7.17,People & Blogs
2025-10-27,1,20,600,3.33,Film & Animation
2025-10-27,17,5,600,0.83,Sports
2025-10-27,27,5,600,0.83,Education
2025-10-27,26,3,600,0.5,Howto & Style
2025-10-27,23,1,600,0.17,Comedy
2025-10-27,25,1,600,0.17,News & Politics
2025-10-27,28,1,600,0.17,Science & Tech
2025-11-03,20,268,700,38.29,Gaming
2025-11-03,10,245,700,35.0,Music
2025-11-03,22,76,700,10.86,People & Blogs
2025-11-03,24,71,700,10.14,Entertainment
2025-11-03,1,25,700,3.57,Film & Animation
2025-11-03,17,9,700,1.29,Sports
2025-11-03,23,2,700,0.29,Comedy
2025-11-03,27,2,700,0.29,Education
2025-11-03,2,1,700,0.14,Autos & Vehicles
2025-11-03,25,1,700,0.14,News & Politics
2025-11-10,20,267,700,38.14,Gaming
2025-11-10,10,264,700,37.71,Music
2025-11-10,22,70,700,10.0,People & Blogs
2025-11-10,24,49,700,7.0,Entertainment
2025-11-10,1,36,700,5.14,Film & Animation
2025-11-10,17,14,700,2.0,Sports
2025-11-17,20,265,700,37.86,Gaming
2025-11-17,10,247,700,35.29,Music
2025-11-17,24,78,700,11.14,Entertainment
2025-11-17,22,73,700,10.43,People & Blogs
2025-11-17,1,27,700,3.86,Film & Animation
2025-11-17,17,8,700,1.14,Sports
2025-11-17,23,2,700,0.29,Comedy
2025-11-24,20,273,700,39.0,Gaming
2025-11-24,10,265,700,37.86,Music
2025-11-24,22,77,700,11.0,People & Blogs
2025-11-24,24,56,700,8.0,Entertainment
2025-11-24,1,21,700,3.0,Film & Animation
2025-11-24,17,7,700,1.0,Sports
2025-11-24,23,1,700,0.14,Comedy
2025-12-01,20,280,698,40.11,Gaming
2025-12-01,10,266,698,38.11,Music
2025-12-01,22,56,698,8.02,People & Blogs
2025-12-01,24,52,698,7.45,Entertainment
2025-12-01,1,33,698,4.73,Film & Animation
2025-12-01,28,6,698,0.86,Science & Tech
2025-12-01,17,5,698,0.72,Sports
2025-12-08,20,266,700,38.0,Gaming
2025-12-08,10,242,700,34.57,Music
2025-12-08,24,78,700,11.14,Entertainment
2025-12-08,22,67,700,9.57,People & Blogs
2025-12-08,1,45,700,6.43,Film & Animation
2025-12-08,17,2,700,0.29,Sports
2025-12-15,20,238,700,34.0,Gaming
2025-12-15,10,232,700,33.14,Music
2025-12-15,24,125,700,17.86,Entertainment
2025-12-15,22,64,700,9.14,People & Blogs
2025-12-15,1,38,700,5.43,Film & Animation
2025-12-15,17,1,700,0.14,Sports
2025-12-15,23,1,700,0.14,Comedy
2025-12-15,28,1,700,0.14,Science & Tech
2025-12-22,20,259,700,37.0,Gaming
2025-12-22,10,238,700,34.0,Music
2025-12-22,22,89,700,12.71,People & Blogs
2025-12-22,24,58,700,8.29,Entertainment
2025-12-22,1,44,700,6.29,Film & Animation
2025-12-22,27,7,700,1.0,Education
2025-12-22,23,3,700,0.43,Comedy
2025-12-22,17,1,700,0.14,Sports
2025-12-22,2,1,700,0.14,Autos & Vehicles
2025-12-29,20,241,700,34.43,Gaming
2025-12-29,10,235,700,33.57,Music
2025-12-29,22,88,700,12.57,People & Blogs
2025-12-29,24,82,700,11.71,Entertainment
2025-12-29,1,46,700,6.57,Film & Animation
2025-12-29,17,6,700,0.86,Sports
2025-12-29,15,2,700,0.29,Pets & Animals
2026-01-05,20,254,650,39.08,Gaming
2026-01-05,10,225,650,34.62,Music
2026-01-05,22,65,650,10.0,People & Blogs
2026-01-05,24,55,650,8.46,Entertainment
2026-01-05,1,40,650,6.15,Film & Animation
2026-01-05,17,7,650,1.08,Sports
2026-01-05,27,3,650,0.46,Education
2026-01-05,23,1,650,0.15,Comedy
2026-01-12,10,261,700,37.29,Music
2026-01-12,20,252,700,36.0,Gaming
2026-01-12,24,69,700,9.86,Entertainment
2026-01-12,22,68,700,9.71,People & Blogs
2026-01-12,1,28,700,4.0,Film & Animation
2026-01-12,17,17,700,2.43,Sports
2026-01-12,23,3,700,0.43,Comedy
2026-01-12,28,2,700,0.29,Science & Tech
2026-01-19,20,251,700,35.86,Gaming
2026-01-19,10,231,700,33.0,Music
2026-01-19,24,82,700,11.71,Entertainment
2026-01-19,22,65,700,9.29,People & Blogs
2026-01-19,1,58,700,8.29,Film & Animation
2026-01-19,15,4,700,0.57,Pets & Animals
2026-01-19,17,3,700,0.43,Sports
2026-01-19,23,3,700,0.43,Comedy
2026-01-19,27,3,700,0.43,Education
2026-01-26,10,273,700,39.0,Music
2026-01-26,20,268,700,38.29,Gaming
2026-01-26,22,70,700,10.0,People & Blogs
2026-01-26,24,55,700,7.86,Entertainment
2026-01-26,1,27,700,3.86,Film & Animation
2026-01-26,27,4,700,0.57,Education
2026-01-26,23,2,700,0.29,Comedy
2026-01-26,17,1,700,0.14,Sports
2026-02-02,20,248,650,38.15,Gaming
2026-02-02,10,244,650,37.54,Music
2026-02-02,22,65,650,10.0,People & Blogs
2026-02-02,24,52,650,8.0,Entertainment
2026-02-02,1,35,650,5.38,Film & Animation
2026-02-02,23,4,650,0.62,Comedy
2026-02-02,17,2,650,0.31,Sports
2026-02-09,20,272,700,38.86,Gaming
2026-02-09,10,248,700,35.43,Music
2026-02-09,24,79,700,11.29,Entertainment
2026-02-09,22,60,700,8.57,People & Blogs
2026-02-09,1,37,700,5.29,Film & Animation
2026-02-09,15,1,700,0.14,Pets & Animals
2026-02-09,17,1,700,0.14,Sports
2026-02-09,23,1,700,0.14,Comedy
2026-02-09,27,1,700,0.14,Education
2026-02-16,20,260,700,37.14,Gaming
2026-02-16,10,258,700,36.86,Music
2026-02-16,22,78,700,11.14,People & Blogs
2026-02-16,24,74,700,10.57,Entertainment
2026-02-16,1,28,700,4.0,Film & Animation
2026-02-16,2,2,700,0.29,Autos & Vehicles
2026-02-23,10,274,700,39.14,Music
2026-02-23,20,272,700,38.86,Gaming
2026-02-23,22,68,700,9.71,People & Blogs
2026-02-23,24,62,700,8.86,Entertainment
2026-02-23,1,24,700,3.43,Film & Animation
2026-03-02,10,256,700,36.57,Music
2026-03-02,20,242,700,34.57,Gaming
2026-03-02,24,90,700,12.86,Entertainment
2026-03-02,22,62,700,8.86,People & Blogs
2026-03-02,1,50,700,7.14,Film & Animation
2026-03-09,20,269,700,38.43,Gaming
2026-03-09,10,249,700,35.57,Music
2026-03-09,24,84,700,12.0,Entertainment
2026-03-09,22,69,700,9.86,People & Blogs
2026-03-09,1,26,700,3.71,Film & Animation
2026-03-09,23,2,700,0.29,Comedy
2026-03-09,25,1,700,0.14,News & Politics
2026-03-16,10,251,700,35.86,Music
2026-03-16,20,251,700,35.86,Gaming
2026-03-16,24,103,700,14.71,Entertainment
2026-03-16,22,56,700,8.0,People & Blogs
2026-03-16,1,37,700,5.29,Film & Animation
2026-03-16,15,1,700,0.14,Pets & Animals
2026-03-16,17,1,700,0.14,Sports
2026-03-23,20,242,700,34.57,Gaming
2026-03-23,10,236,700,33.71,Music
2026-03-23,24,109,700,15.57,Entertainment
2026-03-23,22,65,700,9.29,People & Blogs
2026-03-23,1,47,700,6.71,Film & Animation
2026-03-23,27,1,700,0.14,Education
2026-03-30,10,235,700,33.57,Music
2026-03-30,20,226,700,32.29,Gaming
2026-03-30,24,116,700,16.57,Entertainment
2026-03-30,22,61,700,8.71,People & Blogs
2026-03-30,1,57,700,8.14,Film & Animation
2026-03-30,23,2,700,0.29,Comedy
2026-03-30,28,2,700,0.29,Science & Tech
2026-03-30,17,1,700,0.14,Sports
2026-04-06,20,258,700,36.86,Gaming
2026-04-06,10,252,700,36.0,Music
2026-04-06,24,71,700,10.14,Entertainment
2026-04-06,22,62,700,8.86,People & Blogs
2026-04-06,1,54,700,7.71,Film & Animation
2026-04-06,23,2,700,0.29,Comedy
2026-04-06,17,1,700,0.14,Sports
2026-04-13,10,243,699,34.76,Music
2026-04-13,20,242,699,34.62,Gaming
2026-04-13,24,102,699,14.59,Entertainment
2026-04-13,22,56,699,8.01,People & Blogs
2026-04-13,1,53,699,7.58,Film & Animation
2026-04-13,23,2,699,0.29,Comedy
2026-04-13,26,1,699,0.14,Howto & Style
2026-04-20,20,260,696,37.36,Gaming
2026-04-20,10,218,696,31.32,Music
2026-04-20,24,81,696,11.64,Entertainment
2026-04-20,22,75,696,10.78,People & Blogs
2026-04-20,1,59,696,8.48,Film & Animation
2026-04-20,25,2,696,0.29,News & Politics
2026-04-20,23,1,696,0.14,Comedy
2026-04-27,20,242,692,34.97,Gaming
2026-04-27,10,235,692,33.96,Music
2026-04-27,24,83,692,11.99,Entertainment
2026-04-27,22,74,692,10.69,People & Blogs
2026-04-27,1,58,692,8.38,Film & Animation
2026-05-04,20,252,693,36.36,Gaming
2026-05-04,10,249,693,35.93,Music
2026-05-04,24,89,693,12.84,Entertainment
2026-05-04,22,68,693,9.81,People & Blogs
2026-05-04,1,30,693,4.33,Film & Animation
2026-05-04,27,4,693,0.58,Education
2026-05-04,17,1,693,0.14,Sports
2026-05-11,10,269,691,38.93,Music
2026-05-11,20,265,691,38.35,Gaming
2026-05-11,22,75,691,10.85,People & Blogs
2026-05-11,24,51,691,7.38,Entertainment
2026-05-11,1,30,691,4.34,Film & Animation
2026-05-11,29,1,691,0.14,Cat 29
2026-05-18,10,234,690,33.91,Music
2026-05-18,20,226,690,32.75,Gaming
2026-05-18,24,103,690,14.93,Entertainment
2026-05-18,22,54,690,7.83,People & Blogs
2026-05-18,1,42,690,6.09,Film & Animation
2026-05-18,25,18,690,2.61,News & Politics
2026-05-18,27,9,690,1.3,Education
2026-05-18,26,3,690,0.43,Howto & Style
2026-05-18,29,1,690,0.14,Cat 29
2026-05-25,20,109,297,36.7,Gaming
2026-05-25,10,104,297,35.02,Music
2026-05-25,24,36,297,12.12,Entertainment
2026-05-25,22,33,297,11.11,People & Blogs
2026-05-25,1,6,297,2.02,Film & Animation
2026-05-25,23,3,297,1.01,Comedy
2026-05-25,25,2,297,0.67,News & Politics
2026-05-25,26,2,297,0.67,Howto & Style
2026-05-25,27,1,297,0.34,Education
2026-05-25,29,1,297,0.34,Cat 29
