"id","data_dossie","canal_id","canal_nome","canal_descricao","inscritos","total_videos_canal","total_videos_analisados","auto_classificacao","classificacao_sociologica","tipo_conteudo_predominante","sintomas_estruturais","rede_canais","composicao_videos","veredito_sonnet","versao_numero","versao_anterior_id","canonica"
"4","2026-05-15T16:13:59.957367+00:00","UC5ZTRH1zclthyc6b_D3m2Pw","Gaules","A CASA DO COUNTER STRIKE E ESPORTES ELETRONICOS!","1250000","7123","50","Canal de transmissão e cobertura de esports (Counter-Strike e Kings League), operado como empresa de mídia nativa digital.","produtora_digital","esportivo","{""frequencia_videos_por_dia"": 1.4219544500591164, ""duracao_mediana_segundos"": 25456, ""link_externo_repetido"": null, ""pct_titulos_padronizados"": 0.0, ""taxa_engajamento_mediana"": 3.7582156341770383, ""inscritos"": 1250000, ""total_videos_canal"": 7123, ""n_videos_analisados"": 50}","[]","{""esportivo"": 35, ""jogos"": 12, ""outros"": 1, ""vlog"": 1, ""entretenimento_roteirizado"": 1}","O canal Gaules apresenta-se como ""a casa do Counter-Strike e dos esportes eletrônicos"", evocando um imaginário de pertencimento comunitário — uma casa, um lar, um ponto de encontro. Essa retórica de acolhimento mascara o que os dados estruturais revelam com clareza: uma operação de mídia profissionalizada, orientada pela lógica da transmissão contínua e da captura intensiva de tempo de atenção. Uma duração mediana de mais de sete horas por vídeo não é produto de espontaneidade criativa; é sintoma de um modelo econômico ancorado no streaming de longa duração, onde a presença permanente equivale à monetização permanente.

A frequência de publicação — superior a um vídeo por dia ao longo de um acervo de mais de sete mil conteúdos — não é compatível com a produção de um indivíduo ou de uma equipe informal. Configura-se um aparato editorial que replica o ritmo de uma emissora, onde o conteúdo não termina porque a audiência não deve ter razão para partir. A ausência de padronização nos títulos, paradoxalmente, reforça essa leitura: quando o volume é a estratégia, a curadoria nominal torna-se irrelevante. O produto não é o vídeo — é o fluxo.

A ausência de canais relacionados declarados publicamente e a inexistência de link externo recorrente sugerem uma operação que se quer autossuficiente, fechada em torno de sua própria marca. Não há rede visível porque o canal é, ele mesmo, o nó central de um ecossistema que gravita em torno de uma figura — Gaules — cuja persona foi industrializada. A ""casa"" é, na prática, uma plataforma dentro da plataforma, com lógica própria de retenção e fidelização.

A ausência de aparições no Trending Brasil é o dado mais revelador sobre a posição real desse canal no ecossistema. Canais que dominam pelo volume e pela duração raramente emergem nos rankings de viralização pontual — eles não disputam o pico de atenção, disputam a fração do tempo cotidiano. É uma estratégia de ocupação territorial, não de conquista episódica. O engajamento mediano relativamente sólido confirma que a audiência fidelizada existe e é ativa, mas permanece circunscrita a um nicho que se autossustenta sem precisar irromper no mainstream.

Gaules ocupa no ecossistema digital brasileiro a posição de uma emissora setorial de esports: uma operação de mídia nativa de nicho, industrialmente estruturada, que usa a linguagem da comunidade para sustentar uma economia de atenção de longa permanência — o oposto de um canal, no sentido artesanal do termo.","1","","True"
"5","2026-05-15T16:21:13.342907+00:00","UCiRXpkxkyG40cwNcYq5shWw","Sirena Alar","","381","55","50","Canal de conteúdo espiritual/motivacional com narrativa pessoal e reflexiva, operado por criador individual sem profissionalização plena.","criador_casual","vlog","{""frequencia_videos_por_dia"": 0.4127432175397523, ""duracao_mediana_segundos"": 1774, ""link_externo_repetido"": {""dominio"": ""paradoxalgenesis.carrd.co"", ""n_aparicoes"": 6}, ""pct_titulos_padronizados"": 0.0, ""taxa_engajamento_mediana"": 17.647058823529413, ""inscritos"": 381, ""total_videos_canal"": 55, ""n_videos_analisados"": 50}","[]","{""vlog"": 50}","O canal Sirena Alar configura um caso de produção genuinamente periférica dentro do ecossistema do YouTube brasileiro — não periférica no sentido depreciativo, mas no sentido estrutural: opera fora dos circuitos de visibilidade massiva, sem nenhuma aparição em tendências, com uma base de inscritos que permanece no limiar da invisibilidade algorítmica. A frequência de publicação, se traduzida em termos de rotina de trabalho, não revela uma esteira de produção, mas tampouco sugere abandono — aponta para um ciclo orgânico, irregular, condicionado por motivação intrínseca mais do que por pressão de plataforma.

A ausência total de padronização nos títulos é, nesse contexto, um dado revelador. Canais que interiorizam a lógica de otimização para busca e recomendação desenvolvem, mesmo inconscientemente, padrões linguísticos repetíveis — fórmulas, gatilhos, estruturas reconhecíveis. A inexistência dessas marcas no Sirena Alar indica que o canal não foi formatado para dialogar com o algoritmo, mas com uma audiência imaginada de outra natureza: menor, mais específica, talvez pressuposta como já convencida de buscar aquele tipo de conteúdo.

A duração mediana dos vídeos é o dado mais expressivo da autopercepção do canal. Quase trinta minutos por vídeo, em um ambiente onde a atenção é o recurso mais disputado, sinaliza uma recusa implícita — ou uma indiferença — às convenções de empacotamento que dominam o conteúdo espiritual e motivacional de alto alcance. Esse gênero, quando industrializado, tende à compressão, ao formato de pílula, à entrega rápida de insight. Aqui, a duração sugere um registro confessional, de elaboração lenta, mais próximo do diário falado do que do produto de consumo.

A presença recorrente de um link externo apontando para uma página no Carrd — plataforma usada tipicamente para portfólios pessoais ou páginas de apresentação minimalistas — complica levemente a imagem de um canal estritamente casual. Há uma intenção de construir algo para além do vídeo isolado, uma identidade ou projeto nomeado como Paradoxal Genesis, que excede a lógica do vlog pessoal sem alcançar a escala de uma operação profissional. É um esboço de marca, não uma marca.

A taxa de engajamento excepcionalmente alta em relação à base de visualizações indica que quem assiste ao canal não é um espectador acidental — é alguém que chegou ali por razões específicas e que responde ativamente ao conteúdo. Isso não é mérito que se converta em crescimento dentro das lógicas plataformizadas, mas revela uma microcomumidade coesa em torno de um projeto ainda indefinido quanto à sua escala desejada. O Sirena Alar ocupa, portanto, a posição de um projeto de voz pessoal que encontrou seu público sem encontrar sua forma — relevante para quem já está dentro, invisível para quem está fora.","1","","True"
"6","2026-05-15T16:23:07.801187+00:00","UC0p_RiogALYxv1y72YWmtiA","Filipe Severo","Oi, eu sou o Fi Severo!

Este é o espaço para minhas reflexões, análises e nossas conversas ao vivo. É aqui que eu testo ideias, compartilho os bastidores da minha pesquisa e falo de forma direta sobre o trabalho criativo no capitalismo de plataformas.

Como comunicador e mestrando em Comunicação (PUCRS), minha missão é traduzir o caos das redes e ajudar criadores a construir com propósito.

Eu sou o pesquisador e comunicador à frente da Classe Creator, o ecossistema feito para formar a nova geração de criadores de conteúdo com consciência crítica, técnica e política.

O conteúdo polido, as aulas e as análises aprofundadas estão lá.
","4690","430","50","Pesquisador e comunicador individual que utiliza o YouTube como plataforma para reflexões, análises e conversas sobre criação de conteúdo e plataformas digitais.","youtuber_profissional","informativo","{""frequencia_videos_por_dia"": 0.3291141959980171, ""duracao_mediana_segundos"": 673, ""link_externo_repetido"": {""dominio"": ""fisevero.com"", ""n_aparicoes"": 145}, ""pct_titulos_padronizados"": 0.0, ""taxa_engajamento_mediana"": 2.564102564102564, ""inscritos"": 4690, ""total_videos_canal"": 430, ""n_videos_analisados"": 50}","[]","{""informativo"": 50}","O canal Filipe Severo se apresenta como um espaço de reflexão informal, de bastidores e de teste de ideias — um repositório de pensamento em processo, distinto do produto acabado que existiria em outro ecossistema. Essa distinção entre o canal e a Classe Creator não é modéstia intelectual, é uma estratégia de segmentação de audiência. O YouTube funciona, aqui, como funil de entrada para um produto externo, papel evidenciado pela densidade de aparições de um domínio próprio distribuído ao longo de centenas de vídeos. O canal não é o destino; é o corredor.

A frequência de publicação revela uma operação de manutenção de presença, não de crescimento. Produzir nesse ritmo por uma base ainda restrita não é sinal de expansão — é sinal de compromisso com a consistência enquanto a conversão acontece fora da plataforma. A duração mediana dos vídeos, suficiente para sinalizar substância sem exigir produção elaborada, reforça essa lógica: o formato serve à captura de atenção qualificada, não ao alcance massivo.

A ausência de formatação padronizada nos títulos, em vez de indicar amadorismo, funciona como marcador de estilo. É uma escolha que rejeita a lógica do clickbait para afirmar uma voz autoral — coerente com a auto-narrativa do pesquisador que ""fala de forma direta"". O problema é que essa postura, quando combinada com a ausência de tráfego significativo e com zero aparições em trending, não indica independência do mercado algorítmico, mas sim marginalidade dentro dele. A rejeição dos códigos da plataforma tem um custo mensurável em visibilidade.

A auto-declaração como ""pesquisador e comunicador individual"" convive de modo tenso com a existência de um ecossistema nomeado, com marca própria, com domínio registrado e com uma proposta explícita de formação de ""nova geração de criadores"". Não se está diante de um indivíduo testando ideias em público — está-se diante de uma estrutura de negócio em estágio de consolidação que utiliza a linguagem da vulnerabilidade intelectual como diferencial de posicionamento. A fachada do mestrando que compartilha bastidores é, ela mesma, um produto comunicacional.

O canal ocupa uma posição que pode ser descrita como nicho de conversão qualificada: pequeno em escala, denso em intenção, orientado para fora de si mesmo. Sua função dentro do ecossistema digital não é a de criador de conteúdo público, mas a de ponto de entrada para uma oferta comercial que se legitima pelo verniz crítico-acadêmico — o que o torna, simultaneamente, mais sofisticado e mais dependente da manutenção cuidadosa de uma persona intelectual como ativo de mercado.","1","","True"
"7","2026-05-21T17:58:40.493616+00:00","UCFRwAMyDCz3UomPL_kOPasw","O Gustav Existencial","Tudo na vida tem um contexto: e o contexto aqui, é eu fazendo gameplays com fatores históricos, táticas duvidosa e mostrando todo o caos dos fps/simuladores imersivos. Enquanto tento preencher meu vazio existencial de que sou apenas um humano nesse mundo onde nada é sólido (nem mesmo as frequências dos vídeos).
","168000","542","50","Criador individual especializado em gameplays de simuladores táticos e FPS com narrativa histórica e existencial.","youtuber_profissional","jogos","{""frequencia_videos_por_dia"": 0.23813425777934183, ""duracao_mediana_segundos"": 1300, ""link_externo_repetido"": null, ""pct_titulos_padronizados"": 0.0, ""taxa_engajamento_mediana"": 7.008333106643816, ""inscritos"": 168000, ""total_videos_canal"": 542, ""n_videos_analisados"": 50}","[]","{""jogos"": 50}","A auto-descrição do canal Opera um gesto retórico preciso: ao anunciar o ""vazio existencial"" e a irregularidade das postagens como características constitutivas, O Gustav Existencial transforma em identidade aquilo que em qualquer análise estrutural seria lido como fragilidade operacional. A ironia declarada sobre a instabilidade da frequência não descreve uma opção estética — descreve uma realidade de produção que a narrativa existencial tenta ressignificar antes que alguém a problematize. O canal se apresenta como caótico por vocação quando a evidência indica que o caos é uma condição, não uma escolha.

O volume acumulado de vídeos em contraste com a frequência atual revela uma trajetória de desaceleração. Um catálogo dessa dimensão, produzido com cadência que hoje se encontra bem abaixo de um vídeo diário, aponta para alguém que investiu anos de trabalho contínuo em um nicho específico — simuladores táticos e FPS com camada histórica — e que agora sustenta o canal com a inércia desse acervo mais do que com dinamismo produtivo presente. A base de inscritos foi construída, e o canal vive em parte dessa construção anterior.

O engajamento mediano acima de sete por cento é o dado mais revelador do conjunto. Em um nicho técnico e de audiência específica como o de simuladores imersivos, esse índice indica uma comunidade real, não uma audiência passiva de consumo algorítmico. O canal não viraliza — a ausência de aparições em trending é estrutural, não acidental — mas retém uma audiência que interage de forma desproporcional ao alcance. Isso configura um produtor de nicho com capital simbólico local e limitada capacidade de conversão para escala.

A ausência total de padronização nos títulos e de links externos recorrentes confirma a ausência de uma infraestrutura de monetização paralela ou de esforço sistemático de otimização para plataforma. Não há marca a ser gerenciada além do próprio nome, não há rede a ser alimentada. O canal opera sem o aparato que distingue o criador profissionalizado do criador persistente — e a classificação técnica como ""youtuber profissional"" merece resistência: o que os dados mostram é alguém que produz com seriedade e continuidade, mas sem as estruturas que definem a profissionalização no sentido econômico do termo.

O Gustav Existencial ocupa a posição do produtor de nicho consolidado e autossuficiente em audiência cativa, mas estruturalmente invisível para o ecossistema amplo — um canal que encontrou seu público, parou de crescer e aprendeu a chamar essa estagnação de filosofia.","1","","True"
