"id","busca_id","posicao_ranking","tipo_item","item_id","titulo","canal_id","canal_nome","tipo_produtor","tipo_conteudo","justificativa","metadados_extras"
"197","5","1","video","NPYI3lnaKaM","Isa Buzzi - Direitos Autorais (Videoclipe Oficial)","UCIqbAX7ZZ_saeA1DivxHghg","Isa Buzzi","musico","musical","Canal oficial de artista com 1M+ inscritos, 2K+ vídeos e 5M+ visualizações no item analisado, operando como carreira musical consolidada. O videoclipe oficial 'Direitos Autorais' é distribuído através de agregadores musicais (menção a 'app de música favorito'), sinalizando integração com plataformas de streaming e selo discográfico, estrutura canônica de artista profissional. A descrição do canal promove turnê, reforçando que o YouTube é canal de divulgação de carreira artística preexistente, não empresa produtora de conteúdo diversificado.","{}"
"198","5","2","video","2msQUfUTo7M","Como Registrar Direitos Autorais ONLINE | Biblioteca Nacional 2025","UCU_-14-vnaaQNiYsH8Pmj-g","Renan Batistoni","criador_casual","educativo","O canal Renan Batistoni apresenta 25 vídeos com 25.4k inscritos, indicando produção irregular e sem equipe estruturada dedicada. A descrição menciona 'Storytelling & Escrita Criativa' como nicho específico mantido por uma pessoa, sem sinais de marca corporativa, múltiplos canais coordenados ou profissionalização plena. O vídeo é claramente educativo (tutorial procedimental sobre registro de direitos autorais), alinhado ao posicionamento do canal como recurso de aprendizado em escrita criativa.","{}"
"199","5","3","video","GtTu9Jo1sjU","Entenda sobre Direito Autoral - Artistas!#direitoautoral #artistas #musica","UCUurb_a5sqQp0mhZPI2uYlQ","Ricardo Sevecenco - Advogado","criador_casual","educativo","Ricardo Sevecenco opera um canal pessoal de nicho jurídico com 106 inscritos e 52 vídeos, demonstrando regularidade e intenção de crescimento, mas sem profissionalização plena típica de YouTubers profissionais (baixa audiência, ausência de equipe estruturada, monetização aparentemente incipiente). O conteúdo é explicitamente educativo, focado em transmitir conhecimento sobre direito autoral e propriedade intelectual para um público especializado (artistas e empresas do setor de eventos).","{}"
"200","5","4","video","oII65XPs0W8","Como tirar Reivindicação de Direitos autorais sem precisar excluir seu vídeo...#shorts","UCGuN6hqQaIE-Cpc-sZ2xeRA","Elizandra Sousa","criador_casual","educativo","Canal com 4.730 inscritos e 404 vídeos demonstra regularidade e intenção de crescimento, mas a descrição genérica ('Dicas', 'Dia dia', 'vlogs', 'Receitas') e a ausência de identidade visual ou marca consolidada indicam profissionalização incompleta. O vídeo é um tutorial prático sobre resolução de problemas técnicos na plataforma, não um vlog narrativo ou entretenimento roteirizado, caracterizando seu conteúdo como educativo apesar do formato curto.","{}"
"201","5","5","video","aFSyrrE8V_4","CESSÃO DE DIREITOS AUTORAIS: como funciona e quais os cuidados legais","UCNDxXQhYV4nOUYUoWopqapQ","Edudireito","criador_casual","educativo","O canal Edudireito apresenta características de criador em transição: 151 vídeos com intenção pedagógica clara e site próprio (edudireito.com.br), mas apenas 2.790 inscritos e 515 visualizações no vídeo analisado indicam audiência ainda modesta e monetização aparentemente incipiente. Não há sinais de equipe profissionalizada ou marca corporativa estabelecida — trata-se de uma iniciativa individual ou de pequeno grupo focado em educação jurídica, sem estrutura de produtora digital consolidada. O conteúdo é explicitamente educativo (tutorializado sobre direito autoral), mantendo a estética de aula/explicação técnica.","{}"
"202","5","6","video","JPEeAN7lk5g","Direitos autorais voltou a viralizar (Isa Buzzi)","UCIqbAX7ZZ_saeA1DivxHghg","Isa Buzzi","youtuber_profissional","entretenimento_roteirizado","Isa Buzzi é uma criadora individual cuja persona é indissociável do canal: o nome do canal é seu nome pessoal, possui 1M+ inscritos e 2k+ vídeos, indicando profissionalização e monetização consolidada. O conteúdo é entretenimento roteirizado baseado em humor e comentário social, típico de sua carreira como comediante no YouTube, não em jornalismo factual ou educação pura.","{}"
"203","5","7","video","PQkpv1C3rYM","COMO USAR TRECHOS DE MÚSICAS SEM VIOLAR REGRAS DE DIREITO AUTORAL #direitoautoral #músicas","UCLS0E_rf_T_kTJzhls772Aw","Andrea Nascimento","youtuber_profissional","educativo","Andrea Nascimento opera um canal pessoal onde ela mesma (advogada especialista em propriedade intelectual) é a figura central e insubstituível do conteúdo, com 251 vídeos publicados regularmente e monetização via consultorias. Embora possua formação jurídica e experiência profissional, o canal gira em torno de sua persona individual como educadora, não de uma produtora digital estruturada. O vídeo específico é educativo por natureza — ensina conceitos jurídicos sobre direito autoral de forma didática — e serve como porte de entrada para sua atividade econômica de consultoria.","{}"
"204","5","8","video","WpbZCLsO4Rk","DIREITOS AUTORAIS DE MUSICAS CRIADAS NA SUNO, COMO REGISTRAR SUAS MUSICAS CRIADAS POR IA","UCzRU1zA9MG-uuJHjsRXCuOw","IA PLAY","criador_casual","educativo","O canal IA PLAY apresenta estrutura amadora profissionalizada: 10,5 mil inscritos, 212 vídeos e ~27 mil visualizações indicam volume consistente sem alcance de massa. A descrição revela intenção educativa clara ('desvendamos', 'tutoriais práticos', 'análises'), mas ausência de sinais de equipe, branding corporativo ou monetização consolidada sugere criador em transição. O vídeo específico é tutorial sobre direitos autorais em IA (função educativa pura), não vlogs pessoais ou entretenimento roteirizado, mantendo foco didático.","{}"
"205","5","9","video","13R-79H4YYE","como saber se seu video tem direitos autorais","UCzkvjmP_OVoe_tEHfiEBPXw","pietro Barbosa","criador_casual","educativo","Canal com 394 inscritos e 72 vídeos apresenta regularidade incipiente mas sem infraestrutura profissional visível. A descrição autodeclaradamente amadora ('Apenas uma minha criatividade') e a ausência de equipe ou branding corporativo indicam transição gradual para produção estruturada. O vídeo funciona como tutorial educativo sobre direitos autorais, tema informativo-prático, sem roteiro ficcional ou entretenimento planejado.","{}"
"206","5","10","video","0kHuf_0_B34","COMO RETIRAR DIREITOS AUTORAIS DE VIDEOS NO YOUTUBE","UCALDURAN3z3RDnnVxvp56yw","Erivelton","youtuber_profissional","educativo","Erivelton opera um canal pessoal profissionalizado (118k inscritos, 1.448 vídeos, postagem semanal regular) onde sua persona e nome são centrais à marca, mesmo tratando temas técnicos de automação. Embora trate de estratégias de 'canais dark' (conteúdo sem rosto), o próprio canal Erivelton depende da figura individual como autoridade/educador. O conteúdo é predominantemente educativo/tutorial (como fazer X, cursos, estratégias de monetização) com função de transmitir conhecimento prático sobre YouTube automation e IA, caracterizando-o como educativo, não promocional, apesar dos links de monetização na descrição.","{}"
"207","5","11","video","nVuHbCoaxlg","Direitos Autorais 2026","UCZSgdos4txBF1LtaAktpWGA","Escola para Youtubers - Caique Pereira","youtuber_profissional","educativo","O canal 'Escola para Youtubers' opera sob a persona de Caique Pereira, criador individual reconhecível cuja identidade é inseparável do projeto (1,4M inscritos, 578 vídeos, padrão de postagem consolidado). A estrutura não seria viável sem o nome e presença do criador. O conteúdo é predominantemente educativo (tutoriais, cursos, guias práticos para criadores de conteúdo), com chamada comercial para monetização via vendas de curso e grupo exclusivo, evidenciando profissionalização e dependência econômica do canal.","{}"
"208","5","12","video","iXRLOd0LB64","Descorbimos pq a netflix trouxe ela... - [EDIT ROUND 6] - &quot;Direitos Autorais&quot; (@IsaBuzzi) 💗","UC69FZi_DAvEu0uYlQvd-UMA"," Sae Byeok dit's ","criador_casual","entretenimento_roteirizado","O canal apresenta sinais típicos de criador em transição: apenas 11 vídeos totais, 2.120 inscritos, criado em 2024, e descrição explícita de aspiração profissional ('queria muito ser conhecida'). Embora haja esforço de edição no título (menção a 'EDIT ROUND 6'), a baixa quantidade de conteúdo e ausência de equipe indicam amadorismo ainda em consolidação. O vídeo, com título sugestivo de análise/commentary sobre Netflix, opera em formato de entretenimento roteirizado (provavelmente comentário humorístico ou reação editada), não profissionalizado.","{}"
"209","5","13","video","84ETSky-Oic","3 COISAS SOBRE DIREITO AUTORAL DE MÚSICA QUE VOCÊ PRECISA SABER","UCCkNg2ia9KcguRdGrNwlMCA","JULIA ARA","youtuber_profissional","educativo","Julia Ara opera um canal pessoal com 1.038 vídeos e 67.500 inscritos, demonstrando profissionalização consolidada e regularidade de postagem. A marca do canal é a persona individual (nome da criadora), não uma empresa ou produtora desvinculada dela — o canal gira em torno de seu know-how pessoal sobre gravação de música. O conteúdo é educativo (tutorial sobre direito autoral musical), voltado ao ensino de habilidades técnicas e conhecimento especializado, mantendo a estrutura típica de videoaulas e dicas práticas de produção.","{}"
"210","5","14","video","zC6hMFDLti4","Direitos Autorais no youtube -  Como funciona para um canal de música cover? Posso perder meu canal?","UCLbQ86i6GL8Y7JIuFwtpotg","Wellington Souza Sax","criador_casual","educativo","Wellington Souza opera um canal pessoal (3.900 inscritos, 449 vídeos) centrado em sua persona como saxofonista, sem estrutura de equipe profissional aparente ou marca corporativa independente. A produção é caseira mas regularizada, característica de transição para profissionalização. O vídeo é educativo—tutorial sobre direitos autorais para músicos—e não é conteúdo musical original, configurando função didática secundária ao canal.","{}"
"211","5","15","video","3pvESsuCS8s","Como encontrar músicas sem direitos autorais para seus vídeos do YouTube. #youtube #copyrightfree","UC_wywO1CKaPN_9nWwAmlNpw","Kimo Tech","criador_casual","educativo","O canal Kimo Tech apresenta sinais típicos de criador em transição: 1.810 inscritos, apenas 28 vídeos e presença cross-plataforma (Instagram, TikTok) indicam intenção de crescimento sem profissionalização plena. A periodicidade irregular e ausência de equipe creditada reforçam o status amador. O vídeo é educativo por excelência—tutorial prático sobre busca de recursos digitais—alinhado à proposta de 'dicas e curiosidades' descrita na bio do canal.","{}"
"212","5","16","video","HS6TSMvECgQ","COMO REMOVER DIREITO AUTORAL DOS SEU VÍDEO PELO CELULAR","UCheuYQjjlSYG-f9dPyLBvOA","Mundo do Criador","criador_casual","educativo","O canal 'Mundo do Criador' apresenta sinais de profissionalização emergente: 550 vídeos publicados indicam regularidade, descrição estruturada e temática clara (orientação para YouTubers iniciantes). Porém, a ausência de equipe identificada, baixa monetização aparente (4.650 inscritos), erros ortográficos na descrição do vídeo e produção que evidencia amadorismo técnico (tipicamente caseira) o situam ainda em transição. O vídeo é educativo puro: tutorial técnico sobre remoção de Content ID, função didática e explanatória típica de guias.","{}"
"213","5","17","video","wV2sb8vo3_w","Direitos Autorais IMPEDE Monetizar Canal no Youtube?","UCnroRJFT98r5JJ8R_3CD0Wg","Marcos Lemos","youtuber_profissional","educativo","Marcos Lemos opera um canal individual profissionalizado (330 mil inscritos, 1.278 vídeos, padrão de postagem consistente) onde sua persona como 'expert de produto e YouTuber' é central à proposta de valor. O canal existe em torno de sua identidade e autoridade pessoal como criador de conteúdo, não como marca corporativa independente. O vídeo específico sobre direitos autorais e monetização integra-se à função educativa do canal: ensinar técnicas, tutoriais e dicas sobre como ganhar dinheiro no YouTube, posicionando-o como tutorial/guia prático.","{}"
"214","5","18","video","AoMzbzrBYjQ","Como Baixar Músicas Sem Direito Autoral e Seguras para Monetizar Seus Vídeos (GRÁTIS)","UCgLdbZZAKQwxx3N6XVYVHng","Abrigo76","youtuber_profissional","educativo","Abrigo76 é um canal centrado na persona do criador, com 226 mil inscritos e 728 vídeos postados regularmente, tratando criação de conteúdo como atividade econômica principal (monetização, parcerias com afiliados como Nexus Clips). O conteúdo é educativo—tutoriais sobre ferramentas de produção digital—mas mantém a marca pessoal do canal como núcleo indissociável. A estrutura operacional e a regularidade indicam profissionalização consolidada em torno do indivíduo criador.","{}"
"215","5","19","video","dEBDb1f0pbw","Quais Obras NÃO são protegidas pelos Direitos Autorais? #shorts","UCinbMKX8vilMwUA3SEC-u9A","Instituto Observatório do Direito Autoral","instituicao","educativo","O Instituto Observatório do Direito Autoral (IODA) é uma entidade de natureza institucional dedicada à pesquisa, análise e disseminação de conhecimento sobre propriedade intelectual e direitos autorais. Sua função transcende indivíduos e existe para organizar discussão coletiva sobre tema de interesse público. O conteúdo em formato #shorts mantém função educativa clara: explicar conceitos jurídicos complexos com linguagem didática acessível, configurando-se como aula/tutorial sobre normas e conceitos de direito autoral.","{}"
"216","5","20","video","D1D_wXpniNs","Explicando o porquê não vou cantar mais direitos autorais (Isa Buzzi)","UCIqbAX7ZZ_saeA1DivxHghg","Isa Buzzi","youtuber_profissional","vlog","Isa Buzzi opera um canal pessoal de ~1M inscritos com extensa produção regular (2.053 vídeos), onde sua persona como artista/comunicadora é central e insubstituível — o canal existe em torno dela, não de uma empresa ou marca desvinculada. O vídeo, apesar de abordar tema estrutural (direitos autorais), mantém narrativa confessional e autorreferencial típica de vlog, onde ela explica decisão pessoal sobre sua carreira musical, preservando a estética de comunicação direta com audiência que caracteriza sua produção.","{}"
"217","5","21","video","H0TPycOfofo","Direitos autorais| @IsaBuzzi ☆ (Original trend) ~Antepassados~","UCpa6psyru5XU0o0kULnTFRw","Marieli Lima🦋","criador_casual","entretenimento_roteirizado","Canal com 6.210 inscritos e 54 vídeos totais demonstra postagem irregular e ainda não profissionalizada, operado por uma única pessoa (Marieli Lima) sem equipe estruturada. O conteúdo é ficção roteirizada em Gacha Club com personagens recorrentes e narrativa planejada, mas a produção caseira (uso de software de criação amador) e a descrição que apela por apoio para 'sonho de criança' indicam aspirante em transição, não produtor estabelecido.","{}"
"218","5","22","video","7JHfwLnNY6w","Tudo Sobre DIREITOS AUTORAIS No YouTube: O Que Pode X O Que Não Pode?","UC-WR62tRgEmcUAD1SY9ZJdg","Pat Machadu","youtuber_profissional","educativo","Pat Machadu opera um canal pessoal com 586 mil inscritos e 638 vídeos, onde sua persona individual é central — o conteúdo gira em torno de sua jornada e expertise pessoal em criação de conteúdo no YouTube. Embora possua equipe e monetização consolidada (Product Expert oficial do Google, assessoria comercial), o canal é indissociável de seu nome e presença. O vídeo em questão é didático-instructivo, ensinando regras e conceitos de direitos autorais aplicáveis à plataforma, caracterizando-se como conteúdo educativo orientado a criadores em desenvolvimento.","{}"
"219","5","23","video","2MErECJCY2s","Clipe Cover Direitos Autorais - Isa Buzzi - (Helena Cavali) @IsaBuzzi #direitosautorais","UCf-a91PUxrSA4xzc4RAhmfw","Fã clube da Isa Buzzi ","reaproveitamento","musical","O canal opera como fã clube não autorizado, republicando conteúdo de terceiros (Helena Cavalli e Isa Buzzi) sem produção original. O título explicita 'Direitos Autorais' como apelo clickbait, enquanto o conteúdo consiste em reedições de performances musicais alheias. A estrutura (14.3k inscritos, 25 vídeos, 960k visualizações) evidencia capitalização de fã-driven engagement sobre propriedade intelectual de artistas, caracterizando republicação não autorizada.","{}"
"220","5","24","video","SaI1SW3q63I","IA vs. Direitos Autorais: O Limite Legal Surpreende! #shorts","UCk55OVv6CDxyQXTE7F9lDMA","Jus Esperneandi","criador_casual","educativo","O canal 'Jus Esperneandi' opera com 1.323 vídeos mas apenas 1.920 inscritos e 1.000 visualizações no vídeo analisado, indicando baixa profissionalização e monetização incipiente. Embora mencione produção em estúdio e periodicidade (quartas e sextas), a estrutura permanece amadora e dependente de apelos diretos por WhatsApp para participação, sem equipe visível ou identidade corporativa. O conteúdo é predominantemente educativo (análise legal sobre direitos autorais e IA), voltado a um nicho específico (advogados), mas sem regularidade sustentada ou consolidação como marca profissional estabelecida.","{}"
"221","5","25","video","IzIaAJJKM5Q","Direito Autoral: 5 coisas fundamentais sobre esse assunto!","UC6oH_bHP8zkU152HcAgNwsw","CHC Advocacia","marca","educativo","CHC Advocacia é um escritório de advocacia (empresa prestadora de serviços jurídicos) que utiliza o YouTube como canal de marketing e relacionamento com potenciais clientes. O conteúdo educativo sobre direito funciona como branded content que divulga a expertise do escritório e direciona para seu site e comunidade Telegram. A função primária não é gerar receita direta na plataforma, mas construir autoridade e atrair clientes para o serviço que existe fora do YouTube.","{}"
"222","5","26","video","AGktj05ubhM","O Que São Os DIREITOS AUTORAIS?","UC7dcu3gUjx_LkH0Q83ez0Dw","Você entendeu Direito? - Por Thabata Guimarães","youtuber_profissional","educativo","O canal opera sob o nome e persona de Thabata Guimarães, uma pessoa física reconhecível como a autoridade central no conteúdo jurídico. Embora profissionalizado (1.374 vídeos, 52.4k inscritos, contato comercial), o canal é indissociável dessa figura individual e não existiria sob a mesma marca sem ela. O conteúdo é primariamente educativo, com objetivo de transmitir conhecimento jurídico específico (direitos autorais) em formato de aula/explicação estruturada.","{}"
"223","5","27","playlist","PLAPpNTL9QCDvosgGmDoN0v8YwDFtBBo1n","Músicas sem direitos autorais | No Copyright Music | +150 Músicas Gratuitas","UC2KptzSlMhVsy7fwJxqoO0Q","BM PRODUTORA","produtora_digital","musical","BM PRODUTORA é uma produtora digital nativa que opera sob marca corporativa (não pessoa) e oferece serviços especializados (curadoria de música livre). A playlist funciona como produto de marca, não dependendo de figura individual reconhecível. O conteúdo é musical, consistindo em curadoria e distribuição de faixas para uso em criações audiovisuais de terceiros, inserindo-se no ecossistema de produção de conteúdo digital.","{}"
"224","5","28","video","gBkqvEO8u3w","Como Funciona DIREITOS AUTORAIS em MÚSICAS COM I.A [Suno e Youtube]","UCEBYk6SzfqB_kD-a2Mxu0tQ","Nespol","youtuber_profissional","educativo","O canal Nespol opera sob nome de marca pessoal/persona com 310k inscritos e 327 vídeos postados regularmente, indicando profissionalização e monetização consolidada. Embora aborde múltiplas ferramentas de IA, a estrutura do canal é indissociável da persona 'Nespol' como figura tutorial central. O conteúdo específico é educativo: explica mecanismos (direitos autorais em músicas com IA) através de tutoriais e ferramentas práticas, função primária de transmissão de conhecimento técnico.","{}"
"225","5","29","video","yn5-JS24qlQ","Como Receber Direitos Autorais - SM estúdio #shorts","UCiODZrn9-R2PZLruem79CKg","smestudiocampinas","marca","promocional","O canal SM Estúdio opera como marca comercial de um negócio que existe primariamente fora do YouTube (estúdio de áudio e vídeo físico em Campinas com 20+ anos). O vídeo funciona como ferramenta de divulgação de serviços (gravação, videoclipes, registros de música), não como conteúdo nativo de mídia ou entretenimento. A descrição do vídeo reforça o objetivo comercial explícito ('Venha gravar...'), caracterizando content promocional ligado à venda de serviços do estúdio.","{}"
"226","5","30","video","hNr9mwXXX4A","Proteção sobre os Direitos Autorais (art. 5º, XXVII, XXVIII e XXIX, da CF/88)","UC0mobDStFTRpmjxs0VwW7qw","Prof. Diego Pureza","youtuber_profissional","educativo","O canal opera sob a persona de Diego Pureza como figura central e insubstituível — o próprio nome é marca, há 384 mil inscritos vinculados à sua autoridade como especialista em concursos, e a descrição centraliza 'eu ajudo pessoas'. Apesar de 1.220 vídeos e estrutura de equipe (site, email marketing), o canal não existiria sem a persona do professor. Quanto ao conteúdo, o vídeo é aula jurídica explicativa sobre direitos autorais constitucionais, claramente enquadrada em educativo (videoaula para concurso público).","{}"
"227","5","31","video","Nzxlv00UCek","Como tirar direitos autorais do vídeo ?","UC_e_ud6uFylbdcqwIR52MBQ","Crescendo no YouTube Com Marlon","criador_casual","educativo","O canal apresenta estrutura amadora com apenas 13 vídeos e 356 inscritos, indicando profissionalização incipiente. Embora haja contato comercial na bio (sinalizando aspiração profissional), a periodicidade irregular, baixa monetização aparente e ausência de equipe detectável são marcadores de criador em transição. O vídeo é tutorial didático sobre resolução de problemas técnicos do YouTube, função primária educativa.","{}"
"228","5","32","video","UpOunQ9nHaQ","Lei 9.610/1998 Comentada (Lei sobre Direitos Autorais)","UClbMGuYbj2Mh1m3w144ETWQ","Estratégia Carreira Jurídica","produtora_digital","educativo","O canal opera como produtora nativa digital especializada em educação jurídica para concursos públicos, com 370 mil inscritos, 12.747 vídeos e identidade de marca corporativa ('Estratégia Carreira Jurídica'). Embora tenha uma persona fundadora, o canal funciona como empresa de educação profissional desvinculada de mídia tradicional, com múltiplos conteúdos temáticos estruturados sob a marca, não na figura de um criador individual. O vídeo específico é educativo, apresentando comentário sistematizado de legislação jurídica para fins de capacitação e preparação profissional.","{}"
"229","5","33","video","Ja8HaTuEEas","A verdade sobre DIREITOS AUTORAIS..","UCWCvnU5pD_y3U-9Co9p6MdA","DJ DO ZERO LAB ","youtuber_profissional","educativo","Canal operado por criador individual (DJ DO ZERO LAB) com 43,9 mil inscritos, 487 vídeos e estrutura de monetização consolidada através de produtos próprios (DJ Black Belt). A persona do criador é central — o canal gira em torno de seu conhecimento e reputação em produção musical/DJ. O conteúdo aborda educação sobre direitos autorais e monetização, típico de tutorial/explicativo, direcionado a aspirantes a produtores musicais.","{}"
"230","5","34","video","zRNQ6wQfjfg","Direitos Autorais - Isa Buzzi (Áudio Oficial)","UCIqbAX7ZZ_saeA1DivxHghg","Isa Buzzi","musico","musical","Isa Buzzi é artista verificada no YouTube com canal oficial dedicado à divulgação de sua obra musical. O vídeo é lançamento de áudio oficial com distribuição em plataformas de streaming, seguindo padrão de gravadoras e selos independentes. A descrição do canal aponta turnê e carreira artística como foco principal, confirmando tipologia de músico profissionalizado com catálogo consolidado (2.053 vídeos, 1M+ inscritos).","{}"
"231","5","35","video","X3tjHYDQPWw","Entenda a diferença entre DIREITO DE IMAGEM e DIREITOS AUTORAIS","UC7dcu3gUjx_LkH0Q83ez0Dw","Você entendeu Direito? - Por Thabata Guimarães","youtuber_profissional","educativo","O canal opera sob a persona individual de Thabata Guimarães, advogada que é o rosto e a marca central do projeto, mesmo com 1.374 vídeos e estrutura profissionalizada (contato comercial, site próprio). A produção educativa em direito é indissociável da especialista nomeada; sem ela, o canal perde sua autoridade e propósito. O vídeo específico é um tutorial jurídico explicativo, típico de conteúdo educativo voltado à transmissão de conhecimento especializado.","{}"
"232","5","36","video","_cAH7CgbpKw","~•Direitos autorais•~ @IsaBuzzi #Musica#direitosautorais#gacha#gachaclub#meme#humor#trend#edit#fyy","UCi6YVIPYFDA-sYVxmlX1HcA","Bunny_GamessYT","criador_casual","entretenimento_roteirizado","Canal com 1.060 inscritos e 101 vídeos totais demonstra intenção de crescimento regular, mas sem profissionalização plena: produção caseira (Gacha Club, edits), ausência de equipe e operação solitária. O vídeo é um esquete/meme roteirizado sobre direitos autorais usando engine Gacha, típico de entretenimento amador estruturado para crianças, com hashtags de tendência e apelos visuais (meme, trend, edit) que evidenciam busca por engajamento sem monetização consolidada.","{}"
"233","5","37","video","Jzaiei31t4k","A Verdade sobre os Direitos Autorais na Impressão 3D","UCKTtSm19iPGzK8CK4uwibQw","Made in Heaven Studio","youtuber_profissional","educativo","O canal opera sob o nome/marca pessoal do criador (Made in Heaven Studio), com 329 vídeos e 80 mil inscritos, indicando profissionalização e regularidade. A descrição enfatiza 'meu trabalho' e 'minhas impressões', centralizando a persona individual como eixo do conteúdo. O vídeo é essencialmente educativo — explica conceitos de direito autoral aplicados a um nicho técnico específico (impressão 3D) — mesmo que inclua opinião pessoal.","{}"
"234","5","38","video","CVcHGnvKduU","INTELIGÊNCIA ARTIFICIAL E DIREITOS AUTORAIS","UCk5BcU1rOy6hepflk7_q_Pw","Meteoro Brasil","produtora_digital","informativo","Meteoro Brasil opera como produtora nativa digital com estrutura profissionalizada (1,78M inscritos, 12,239 vídeos, identidade visual corporativa), onde a marca-empresa é o produto central, não uma persona individual. O vídeo sobre IA e direitos autorais segue padrão informativo-analítico típico do canal (notícias, cultura, ciência, filosofia com abordagem crítica), combinando factualidade com comentário opinativo sobre tema atual, distinto de entretenimento roteirizado.","{}"
"235","5","39","video","CpcIUmDkzRc","Como funciona a divisão dos direitos autorais de uma música.","UCSHJHmfEpkEU5TzmKYtsKgQ","Musicalizando Academy","produtora_digital","educativo","Musicalizando Academy opera como produtora digital profissionalizada com marca corporativa, equipe estruturada (cursos, podcast, gravadora associada) e presença multicanal (site, Instagram) sob a marca 'Musicalizando', não dependendo exclusivamente da persona de Rafa Brahma. O conteúdo é educativo: ensina aspectos práticos de carreira musical e music business através de aulas, entrevistas com especialistas e análises de processos da indústria fonográfica.","{}"
"236","5","40","video","faZGpOEIZ58","Direitos autorais #roblox","UC93ldme-w_6IdjWtRrYYvbw","Jeni Br","youtuber_profissional","educativo","Jeni Br opera um canal pessoal com 630 mil inscritos e 903 vídeos, evidenciando regularidade e profissionalização consolidada. O canal é indissociável da persona 'Jeni', cuja presença é central na proposta de valor ('fazer o dia de alguém mais feliz'). O vídeo sobre 'Direitos autorais #roblox' classifica-se como educativo por transmitir conhecimento técnico sobre propriedade intelectual num contexto de jogos, função primária distinta de entretenimento puro, mesmo utilizando plataforma de jogo como caso de uso.","{}"
"237","5","41","video","u-70_hseK0M","Entenda os avisos de direitos autorais","UCxpP-CIol4wMrQPWcWf0ZjQ","YouTube Criadores","midia_tradicional","educativo","O canal 'YouTube Criadores' é um canal oficial da plataforma YouTube, operado pela própria Google/Alphabet como ferramenta de comunicação institucional e educação de criadores. Não é uma produtora digital independente, mas sim um braço educacional da mídia digital legada (YouTube como plataforma). O conteúdo é fundamentalmente educativo — tutoriais sobre funcionalidades, políticas e melhores práticas da plataforma, dirigidos ao público de criadores, sem aspecto noticioso ou de entretenimento roteirizado.","{}"
"238","5","42","video","QUl0EP7zOEg","[ATUALIZADO!] DIREITOS AUTORAIS no YOUTUBE: O que fazer? Como evitar?","UCeTF9Y3Wn_d3j4iz6cn6GLA","Francielle Mianes","youtuber_profissional","educativo","Francielle Mianes opera um canal pessoal centrado em sua persona como especialista em YouTube marketing, com 184 mil inscritos, periodicidade clara (quartas às 19h) e 430 vídeos que demonstram profissionalização econômica. O canal é indissociável de seu nome e identidade individual — ela é a marca. O vídeo é educativo, voltado ao ensino de estratégias de produção e gestão de direitos autorais no YouTube, função primária tipicamente tutorial/explicativa.","{}"
"239","5","43","video","prI_mDIIBn0","Como encontrar e baixar músicas sem direitos autorais 🫡🫡 #degraça #hack #mktdigital #criador","UCSAI9Npok0FCSfa-63i9hyA","32ken__","criador_casual","educativo","O canal 32ken__ apresenta sinais de criador em transição: 921 inscritos, 92 vídeos acumulados e ~690k visualizações indicam consistência e intenção de crescimento, mas a descrição descomprometida ('Ainda não sei porque mantenho esse canal') e a ausência de branding corporativo sugerem ainda não há profissionalização plena. O vídeo é classificado como educativo porque seu propósito é explicar um procedimento técnico (encontrar/baixar músicas sem direitos), apesar da embalagem informal com hashtags e tom descontraído típicos de conteúdo didático amador.","{}"
"240","5","44","video","qN555s9BIZo","Melhores sites para baixar imagens grátis, sem direitos autorais 🤫😉","UCbvshNyQ3vH3xBDwQtD5OGg","NLeticia","criador_casual","educativo","O canal NLeticia apresenta sinais de amadorismo profissionalizante: apenas 176 inscritos, 54 vídeos acumulados e baixas visualizações (18.421) indicam ausência de monetização consolidada. A descrição revela aspiração de crescimento ('como crescer suas redes sociais e viver trabalhando na internet'), típica de criadores em transição. O vídeo é educativo puro (tutorial sobre ferramentas), sem persona forte ou equipe estruturada, mantendo a estética de produção caseira com edição básica.","{}"
"241","5","45","video","8CS8TOgAZ9E","E OS DIREITOS AUTORAIS? POSSO VENDER OU NÃO?","UCg-xS8P5Vk1ELeMHZsoANxg","CAÇADORES DE RENDA","youtuber_profissional","educativo","O canal opera sob uma persona individual reconhecível ('Caçadores de Renda'), com 122 mil inscritos, 850 vídeos e regularidade consolidada, indicando profissionalização e dependência da figura do criador como eixo central. O vídeo específico é educativo, focando em transmitir conhecimento sobre direitos autorais e aspectos legais de empreendimentos digitais (impressão 3D), função primária didática mesmo em contexto de geração de renda.","{}"
"242","5","46","video","DtzvyjBeJM0","Edit Sae Byeok - Jun Hee (Direitos Autorais - Isa Buzzi) #round6 #squidgame #saebyeokedit #edit","UCjWsmRGkIGHaAF8QeR1xXYw","𝓑runa ! :: ★","criador_casual","entretenimento_roteirizado","O canal 'Bruna ! :: ★' apresenta características de criador amador em transição: 9.960 inscritos, 85 vídeos totais e produção caseira de edits de séries/k-pop sem equipe estruturada visível. O vídeo é um edit (montagem audiovisual) de cena de série, com títulos otimizados para algoritmo (#shorts #fy) típicos de criadores aspiracionais, mas sem profissionalização plena ou monetização consolidada. Trata-se de entretenimento roteirizado pois reedita cenas da série Round 6/Squid Game com propósito artístico/estético, não informativo.","{}"
"243","5","47","video","vJF_xOBW9KQ","Direitos autorais isa buzzi (speed up) #direitosautorais #speedupsongs","UC3BERb6P9irUwA-ovNfIqJA","Duni speed up","reaproveitamento","musical","O canal 'Duni speed up' opera exclusivamente republicando músicas aceleradas (speed up) sem autorização aparente ou crédito direto aos autores originais. A ausência de descrição, o padrão de 50 vídeos com títulos genéricos (#speedupsongs), a baixa base de inscritos e a estratégia de conteúdo derivado indicam compilação e reprocessamento técnico de terceiros. Embora o conteúdo seja musical, a prática caracteriza reaproveitamento não autorizado, não produção original.","{}"
"244","5","48","video","OhMJW5lD6H8","SUNO IA e DIREITOS AUTORAIS: O que VOCÊ precisa saber!","UC_jEfRY-jTFw2I30K_RG9Zw","Gr3go Business","criador_casual","educativo","O canal Gr3go Business apresenta sinais de profissionalização incipiente: 11 mil inscritos, 60 vídeos e periodicidade aparente indicam intenção de crescimento, mas o nicho específico (educação em IA/música para artistas independentes) mantido por persona individual e a baixa escala sugerem ainda não vivência exclusiva do canal. O vídeo classifica-se como educativo porque funciona como tutorial/orientação sobre uso correto de ferramenta (Suno IA) e compliance legal, transmitindo conhecimento prático a audiência-alvo, não entretenimento ou notícia.","{}"
"245","5","49","video","6CCOT_bswT0","Direitos Autorais e Direitos Conexos","UCyjCRnXaLwePQbeX1ixzTUg","Paulo Anhaia","youtuber_profissional","educativo","Paulo Anhaia opera um canal pessoal com 729 vídeos e 77,1k inscritos, estruturado em torno de sua persona como músico, produtor e engenheiro de som. O canal existe porque ele existe — não há marca corporativa ou produtora que o anteceda. O vídeo específico é um tutorial educativo sobre conceitos legais aplicados à indústria musical, mantendo função didática e transmissão de conhecimento especializado.","{}"
"246","5","50","video","ps7AkMfDf4I","Meme da Olivia Rodrigo cantando Direitos Autorais  (Isa Buzzi)","UCIqbAX7ZZ_saeA1DivxHghg","Isa Buzzi","youtuber_profissional","entretenimento_roteirizado","Isa Buzzi opera um canal pessoal de 1M+ inscritos com produção consolidada (2053 vídeos) onde sua persona é central e insubstituível — o conteúdo gira em torno de seu trabalho de comédia e paródias. O vídeo é uma encenação roteirizada (paródia de Olivia Rodrigo) típica de humor produzido, não um registro casual, evidenciando profissionalização plena do canal como atividade econômica principal.","{}"
"495","11","1","video","DnUEhCCBVds","O debate sobre o aborto travou quando fizeram essa pergunta a ela","UC9IFa4ar6JS9CksP1EDgJyw","Pod Recorte","reaproveitamento","informativo","O canal 'Pod Recorte' opera através da agregação e edição de conteúdo de podcasts de terceiros, transformando-os em 'cortes' otimizados para consumo rápido ('dopamina rápida'). A produção própria é mínima — o valor está na seleção e reembalagem de material já existente. Quanto ao conteúdo, trata-se de um recorte de debate noticiário sobre tema de interesse público (criminalização do aborto), mantendo a função informativa apesar do formato fragmentado.","{}"
"496","11","2","video","rIivqgHe8EY","O MOMENTO MAIS TENSO DO DEBATE SOBRE ABORTO","UC5rO0aTewMfpk2UKKPTLBYw","Canal Foco","produtora_digital","entretenimento_roteirizado","Canal Foco opera como produtora digital nativa — não é mídia legada, possui marca instituída ('o primeiro canal de fundo branco do Brasil'), 639 vídeos com identidade visual e formato padronizado, e equipe dedicada que produz dinâmicas estruturadas. Embora declare 'nada é ensaiado', a proposta de dinâmicas e interações controladas é conteúdo roteirizado: há direção artística (seleção de temas, convites de convidados, design de estúdio). O vídeo específico sobre debate de aborto é entretenimento roteirizado porque encena uma 'conversa real' em torno de dinâmica proposta, mantendo estética de espontaneidade mas com produção editorial clara.","{}"
"497","11","3","video","q8C0ix9yNXA","ABORTO, PRONOME NEUTRO E PRIVATIZAÇÕES: ELA RESPONDEU TUDO","UC5rO0aTewMfpk2UKKPTLBYw","Canal Foco","produtora_digital","entretenimento_roteirizado","Canal Foco opera como produtora digital nativa com identidade de marca institucional (nome do canal é marca, não pessoa; múltiplos convidados rotativos; estrutura de dinâmica padronizada), mesmo que declare espontaneidade. O vídeo, apesar da negação de roteiro na bio, segue formato altamente estruturado de 'entrevista com dinâmica proposta', onde a interação é mediada por framework pré-definido, caracterizando entretenimento roteirizado com simulação de espontaneidade — típico de produtoras digitais que operam reality shows.","{}"
"498","11","4","video","csBelQ8v3lQ","ABORTO RETIDO: O Que é, Sintomas e Como Proceder?","UC1wQH_Be3zoeYM9UWfftdwA","Gestação Saudável","criador_casual","educativo","O canal 'Gestação Saudável' opera como projeto individual sem equipe creditada, com 948 inscritos e 113 vídeos, indicando amadorismo profissionalizado em construção. A descrição revela aspirações comerciais (grupo de WhatsApp, ebook, apelos de inscrição) típicas de criador em transição que ainda não vive da plataforma. O vídeo sobre aborto retido é claramente educativo-informativo, transmitindo conhecimento médico sobre condição clínica, embora a qualidade de fonte e validação médica não seja evidente na descrição disponível.","{}"
"499","11","5","video","kM-pxCYbsmc","O que Acontece no seu Corpo Durante um Aborto Espontâneo?","UCA-QZOVuQIqcnmZyWxFzLaA","Ciência Observada","outros","outros","Falha na classificação automática: Expecting ',' delimiter: line 4 column 192 (char 262)","{}"
"500","11","6","video","MwSzTXhbGgk","Aborto Espontâneo - por que acontece?","UCCD9frJk2THTDtMq8snifOQ","Médico da Mulher","youtuber_profissional","educativo","Canal operado por médico ginecologista que construiu sua marca pessoal (Dr. Diego Di Marco) como criador individual, onde sua persona e credencial médica são o ativo central. Apesar da alta profissionalização (453k inscritos, 2.397 vídeos, postagem regular), o canal não existiria sem o médico nomeado; diferencia-se de produtora digital porque a identidade do profissional é indissociável da proposta. O conteúdo é educativo-explicativo: transmite conhecimento médico sobre saúde feminina em linguagem acessível, mantendo função didática mesmo em formato vlog-didático.","{}"
"501","11","7","video","ueXquU6V9RE","Legalização do aborto | Quebrando o Tabu","UC0f866RMRdL5mSVnipiOHxg","Canal GNT","midia_tradicional","informativo","Canal GNT é vinculado ao Globo (grupo Globo), como evidenciado pelo redirecionamento explícito para Globoplay Premium na descrição, padrão de branding institucional e menção a programa televisivo ('Porchat no GNT'). O vídeo funciona como adaptação de conteúdo broadcast para YouTube, mantendo função informativa-editorial: apresenta dado estatístico sobre aborto e mortalidade materna com propósito de informar debate público, não entreter ou opinar individualmente.","{}"
"502","11","8","video","eec-ImEELDc","7 Causas de Aborto Espontâneo que Poucas Mulheres Conhecem (e Quando Investigar)","UCCD9frJk2THTDtMq8snifOQ","Médico da Mulher","youtuber_profissional","educativo","O canal 'Médico da Mulher' opera sob a persona individual do Dr. Diego Di Marco, cujo nome profissional e credenciais são centrais na proposta de valor — o conteúdo não existiria sem a figura reconhecível do médico como autoridade. Apesar de ter 453 mil inscritos e produção regular (2.397 vídeos, postagens em horários fixos), a estrutura é presidida pela persona individual, não por uma marca/empresa independente. O vídeo em questão é educativo porque busca transmitir conhecimento médico estruturado (causas de aborto espontâneo) com função didática, não meramente informativa ou promocional.","{}"
"503","11","9","video","N0VChR26Vz4","SINTOMAS pós-ABORTO - Causas da DOR PÓS-ABORTO","UCMjAgwVRluSFf-H8Ej2p--A","ONsalus Saúde","produtora_digital","educativo","ONsalus Saúde opera como produtora digital nativa com identidade de marca corporativa (não persona individual), 253 vídeos publicados regularmente, equipe estruturada voltada para conteúdo de saúde e bem-estar. O vídeo classifica-se como educativo por sua função primária de transmitir conhecimento factual sobre sintomas e causas pós-procedimento médico, seguindo padrão de videoaula/explicação de conceitos de saúde.","{}"
"504","11","10","video","ih5Jyf8p6F8","O que não te contam sobre os efeitos de um aborto provocado","UCr2v7zO6Lbvbs905dDxGrag","Tertúlia","produtora_digital","informativo","O canal Tertúlia opera como produtora digital nativa: possui marca própria, equipe estruturada (vínculo com Minha Biblioteca Católica e Lumine), 318 vídeos publicados regularmente e ~58k inscritos, indicando profissionalização e operação coordenada. Não é mídia tradicional (sem vínculo broadcast), nem youtuber profissional (a marca transcende indivíduo). O vídeo em questão é informativo por estrutura: apresenta argumentação factual sobre consequências médicas/psicológicas de aborto provocado, operando como comentário analítico sobre um tema factual, ainda que perspectiva confessional (católica) oriente a seleção de informações.","{}"
"505","11","11","video","lKwdXmW_Rbc","O que causa um aborto espontâneo?","UCHyBgABoZEFZpzZPz9A0KJA","Toda Familia Tem","produtora_digital","educativo","O canal 'Toda Família Tem' opera como produtora digital nativa — marca/empresa (Workflow Arts) com equipe profissionalizada multidisciplinar (médicos, psicólogo, terapeuta, produtora audiovisual) que não pertence à mídia legada. O conteúdo é educativo-informativo com função didática: desmistificar assuntos de saúde familiar através de especialistas credenciados, não de entretenimento roteirizado ou jornalismo factual. A estrutura transcende personas individuais e existe como marca editorial de confiabilidade.","{}"
"506","11","12","video","uyByMSJWCt0","É fácil defender o aborto quando tudo fica apenas no discurso.","UC5z-TEedivqNvCF0JUjtdVw","Pastor Júnior Tércio","youtuber_profissional","vlog","O canal opera sob a persona individual do 'Pastor Júnior Tércio', com 1.505 vídeos e 46.500 inscritos, indicando profissionalização e regularidade. A identidade do criador é central — o conteúdo não existiria sem sua figura como líder religioso e comentarista. O vídeo segue padrão de opinion-driven commentary sobre tema moral/político, característico de vlogueiros profissionalizados que monetizam posicionamento pessoal e autoridade carismática.","{}"
"507","11","13","video","SxxCnutMsMI","Senado aprova projeto que dificulta aborto em crianças vítimas de estupro | Jornal da Band","UCoa-D_VfMkFrCYodrOC9-mA","Band Jornalismo","midia_tradicional","informativo","Band Jornalismo é canal oficial da emissora Band, grande grupo de mídia tradicional brasileiro, com vinculação explícita à TV aberta e padrão de produção broadcast adaptado ao YouTube. O vídeo é reportagem noticiosa sobre fato político do dia, com estrutura de telejornal e função factual, operando como extensão digital do jornalismo televisivo institucional.","{}"
"542","11","48","video","zP6pBsVYVXE","Aborto Não","UCvV-2s9XU8hnxSrs5E40QvQ","Fernanda Brum - Topic","musico","musical","Fernanda Brum é artista gospel com carreira consolidada (18 discos de ouro, 9 de platina) e o canal funciona como repositório oficial de sua discografia. O vídeo é lançamento musical autoral de 2008 distribuído via MK Music (gravadora), com metadados de ISRC. Apesar da temática religiosa do título, é trabalho musical, não pregação ou conteúdo informativo/educativo sobre aborto.","{}"
"508","11","14","video","CXP1ZjVvdZE","Aborto em pílulas: aborto com medicamentos","UCzhpAVTxswJy04mlQMrtDZw","Gênero e Número","produtora_digital","educativo","Gênero e Número opera como produtora digital nativa com marca institucional própria (não fundada em persona individual), 10 anos de operação contínua, regularidade de publicação (77 vídeos) e missão editorial clara de análise de dados sobre desigualdades. O vídeo sobre aborto medicamentoso é educativo-informativo: transmite conhecimento factual baseado em evidências (OMS), com função de esclarecer sobre método e acesso, não de entretenimento ou promoção comercial.","{}"
"509","11","15","video","JUtL_2MFIa4","Franciely Freduzeski revela que seu maior arrependimento foi “ter feito um aborto”","UCd7VVhgnd2eCv9JEghvR_1w","RedeTV","midia_tradicional","informativo","RedeTV é uma emissora de TV aberta brasileira com presença consolidada na mídia legada. O canal YouTube funciona como extensão de sua operação broadcast, publicando conteúdos jornalísticos e de entrevistas que originalmente circulavam na televisão. O vídeo é uma entrevista factual com personagem público, caracterizando conteúdo informativo adaptado para plataforma digital, mantendo padrão de telejornalismo.","{}"
"510","11","16","video","0WMxe28I4oA","Léo Lins discute a legalização do aborto | The Noite (26/07/18)","UCEWOoncsrmirqnFqxer9lmA","The Noite com Danilo Gentili","midia_tradicional","entretenimento_roteirizado","The Noite é um programa de TV aberta (SBT) adaptado para o YouTube, mantendo estrutura de late night show com apresentador fixo (Danilo Gentili), roteiro, banda musical (Ultraje a Rigor) e padrão broadcast. Apesar de hospedado no YouTube, a produção é controlada pela emissora, não por produtora digital nativa. O conteúdo é entretenimento roteirizado com entrevistado (Léo Lins) abordando tema de forma planejada, simulando espontaneidade típica do formato televisivo.","{}"
"511","11","17","video","1ZIFPdnH-HE","1 CONSERVADORA X 30 FEMINISTAS | ft. Pietra Bertolazzi","UC5rO0aTewMfpk2UKKPTLBYw","Canal Foco","produtora_digital","entretenimento_roteirizado","Canal Foco opera como produtora digital nativa: marca corporativa que existe independentemente de qualquer pessoa específica, com estrutura profissionalizada (639 vídeos, 1,16M inscritos), identidade visual padronizada ('primeiro canal de fundo branco do Brasil') e merchandising integrado. Apesar da descrição afirmar 'nada é ensaiado', a dinâmica proposta aos convidados é roteirizada pela produção — o formato é construído, não espontâneo. O vídeo específico ('1 conservadora X 30 feministas') exemplifica entretenimento roteirizado: debate encenado com proposição dramática pré-definida que busca gerar interação conflitiva para consumo.","{}"
"512","11","18","video","STNO22ll2CM","Aborto do Cavaco ao Vivo na Fanfest do Ribeiro | Muito Samba e Alegria! 🇧🇷","UCJSPlZBJ-1FoHdUf0pvR3Pg","LB SONORIZAÇÃO E ILUMINAÇÃO ","criador_casual","musical","Canal com 547 inscritos e 406 vídeos acumula registros de eventos musicais ao vivo (shows, apresentações) sem equipe profissionalizada visível ou produção nativa digital estruturada. A descrição genérica ('bastidores de sonorização') e baixa visualização (1.028 views) indicam amador em transição com regularidade de postagem, mas sem plena profissionalização ou monetização aparente. O vídeo captura performance musical ao vivo, alinhado ao gênero musical.","{}"
"513","11","19","video","X0Yeqj3IlWk","Aborto. Quando e permitido e quando e proibido?","UCULZrdf0hz40cxdio0kPagg","Direito em Sessenta","youtuber_profissional","educativo","O canal 'Direito em Sessenta' opera como persona individual — o advogado criminalista é o centro do projeto e o canal não existiria sem ele como figura educadora central. Com 33.3k inscritos, 644 vídeos e regularidade de postagem, demonstra profissionalização e monetização consolidada. O vídeo específico é educativo: explica conceitos jurídicos (legalidade do aborto) de forma didática e acessível, mantendo função primária de transmitir conhecimento normativo sobre direito penal.","{}"
"514","11","20","video","JH8mtHhdynA","Aborto legal x Aborto Seguro","UCoyYnOCs_pr0oaXSitYi35g","AzMina","produtora_digital","informativo","AzMina é uma produtora digital nativa que opera como marca/empresa jornalística independente (não vinculada a mídia legada), com equipe profissionalizada, múltiplos canais coordenados (YouTube, Instagram, TikTok, newsletter), periodicidade estruturada (terças e quintas), e modelo de sustentação via doações e aplicativos próprios (PenhaS). O vídeo é informativo-jornalístico com função analítica e factual sobre políticas públicas de saúde reprodutiva, não sendo narrativa pessoal ou entretenimento roteirizado.","{}"
"515","11","21","video","HGxkyvaHYWw","ABORTO RETIDO: Sintomas silenciosos que quase ninguém percebe","UC1wQH_Be3zoeYM9UWfftdwA","Gestação Saudável","criador_casual","educativo","Canal com 948 inscritos e 113 vídeos demonstra regularidade e intenção de profissionalização (menção 'toda semana'), mas sem indicadores de equipe estruturada ou monetização consolidada típica de YouTubers profissionais. O produtor opera como educador amador em transição, usando chamadas para grupo WhatsApp e ebook como estratégia de crescimento em nicho (gestação). O conteúdo é eminentemente educativo—explicação de sintomas médicos e cuidados gestacionais—sem roteirização ficcional ou encenação, caracterizando transmissão de conhecimento prático sobre saúde reprodutiva.","{}"
"516","11","22","video","zynUa4OhDfk","Câmara aprova projeto que pode dificultar aborto em crianças vítimas de estupro | Bora Brasil","UCoa-D_VfMkFrCYodrOC9-mA","Band Jornalismo","midia_tradicional","informativo","O canal Band Jornalismo é vinculado explicitamente ao grupo Bandeirantes de Televisão, uma das principais redes de mídia tradicional brasileira. O vídeo segue o padrão de cobertura noticiosa broadcast (telejornal adaptado ao YouTube), com função factual de reportar decisão legislativa. A descrição do canal menciona 'telejornais' e 'reportagens' como produto editorial central, confirmando a estrutura de redação jornalística legada.","{}"
"517","11","23","video","Jglm-bfh8Mw","Aborto retido e como as alterações genéticas podem afetar a evolução da gestação","UCX0nWyxVKBhiUxYut1UvWpA","CLAUDINEI LONDERO","youtuber_profissional","educativo","O canal CLAUDINEI LONDERO opera como propriedade intelectual e marca pessoal de um profissional especializado (obstetrícia), com 26,6 mil inscritos, 59 vídeos e regularidade de postagem evidenciada pela descrição do canal. A persona do criador (médico obstetra) é indissociável do canal; sem a expertise e credibilidade pessoal de Claudinei, o conteúdo perde seu valor. O vídeo classifica-se como educativo por sua função primária de transmitir conhecimento técnico-científico sobre condições gestacionais, não como informativo jornalístico.","{}"
"530","11","36","video","ZQ9K8J-xH0E","Argumentos a favor do aborto: Luiz Felipe Pondé opina a respeito deles","UCXdXYG8dUmEv6jhEji_lSHg","Jornalismo TV Cultura","midia_tradicional","informativo","O canal é vinculado à TV Cultura, emissora pública de televisão, operando como extensão digital de sua programação jornalística. O vídeo é um 'corte' do programa 'Linhas Cruzadas', mantendo a lógica de redistribuição de conteúdo broadcast para YouTube. A descrição reforça o caráter noticioso e a função de comentário analítico sobre tema factual contemporâneo, alinhado ao padrão de jornalismo televisivo adaptado à plataforma.","{}"
"518","11","24","video","ugwDWSZz7cQ","Por que que acontece o aborto retido não senti nenhum sintoma","UCFDh9fTf-tPIlhGhg_K9Tfg","BOA GRAVIDEZ","youtuber_profissional","educativo","O canal 'BOA GRAVIDEZ' opera como empresa de mídia pessoal centrada na persona de Patrícia Moreira, professora especialista, cujo nome e credencial profissional são indissociáveis da marca. Com 2,5M inscritos, 6.228 vídeos, site próprio, contato comercial e regularidade de postagem, demonstra profissionalização completa; a estrutura não existiria sem a figura e autoridade da criadora individual. O vídeo classifica-se como educativo por função primária de esclarecer condição médica (aborto retido) e seus sintomas, mantendo tom informativo-educacional típico de saúde da mulher.","{}"
"519","11","25","video","BRT_-Ze-zSE","ABORTO: ONDE COMEÇA A VIDA?","UCOCtRALZmf9ZuUSdrugTP0Q","Tassos Lycurgo","youtuber_profissional","vlog","Tassos Lycurgo opera um canal pessoal de 516 mil inscritos e 2.861 vídeos onde sua persona intelectual e teológica é o produto central — o canal não existiria sem ele como figura pública reconhecível. Apesar da fundação da Lycurgo Academy, a estrutura do YouTube permanece ancorada no nome e na presença do indivíduo. O conteúdo, ainda que argumentativo sobre questões culturais e religiosas, mantém a estética de opinião pessoal e posicionamento do criador, característico de vlog opinativo, não de jornalismo informativo ou entretenimento roteirizado.","{}"
"520","11","26","video","08Lx1kV_Wfk","Como funciona uma pílula abortiva","UCB0zinWfy-dS_NqcOINYo3A","Minuto da Terra","produtora_digital","educativo","Minuto da Terra é uma produtora digital nativa com marca corporativa, equipe profissionalizada, múltiplos canais coordenados (canal principal + variações regionais), site comercial e mídia kit — estrutura típica de MCN educativo. O conteúdo é fundamentalmente educativo: explica mecanismos científicos (funcionamento de medicamentos) com função didática primária, mantendo estética de entretenimento como veículo, não como fim em si.","{}"
"521","11","27","video","Fn2TNRh8HjA","Justiça de SP suspende aborto legal em casos de remoção de camisinha sem consentimento | CNN 360°","UCvdwhh_fDyWccR42-rReZLw","CNN Brasil","midia_tradicional","informativo","CNN Brasil é emissora de televisão tradicional com forte presença no YouTube. O vídeo exibe padrão broadcast de reportagem jornalística: cobertura factual de decisão judicial, estrutura de noticiário com análise de fonte institucional (desembargador), e integração explícita com programação televisiva ('CNN 360°'). A descrição do canal menciona acesso à 'programação da CNN Brasil pela TV', confirmando vínculo legado e distribuição multiplataforma de conteúdo jornalístico.","{}"
"522","11","28","video","IzF9uZObWvA","Aborto e Cytotec: como funciona e quais os mitos","UCoyYnOCs_pr0oaXSitYi35g","AzMina","produtora_digital","informativo","AzMina é uma produtora digital nativa com marca corporativa, equipe profissionalizada e múltiplos canais temáticos (playlists/quadros), operando jornalismo independente estruturado. O vídeo segue padrão informativo-jornalístico com função factual e educativa sobre tema de saúde reprodutiva, desmitificando mitos mediante apresentação de dados e informações verificáveis, não simulando espontaneidade pessoal.","{}"
"523","11","29","video","WMR0gH3JOaE","Claudia Raia é a favor do aborto? Atriz relembra experiência pessoal | #shorts","UCNVsZnDXOM4PodYIEgM2e4w","Roda Viva","midia_tradicional","informativo","Roda Viva é um programa de TV Cultura desde 1986, instituição pública de mídia. O canal no YouTube funciona como redistribuição de conteúdo jornalístico produzido originalmente para televisão, mantendo identidade institucional e formato de entrevista-debate. O vídeo é um recorte (short) de entrevista noticiosa, caracterizando conteúdo informativo adaptado para plataforma digital.","{}"
"524","11","30","video","MJVShk7pBKg","aborto não é um assassinato","UCVAHiMT4a8Q-Kny0RRe-Gig","Daniel Duncan","youtuber_profissional","informativo","Daniel Duncan opera um canal pessoal onde sua persona individual é central à proposta de conteúdo, com 103 mil inscritos e 302 vídeos que demonstram regularidade e profissionalização. O vídeo aborda tema factual-argumentativo (aborto) em formato de ensaio opinativo/análise, caracterizando-se como informativo por buscar esclarecer/debater questão factual contemporânea, ainda que com perspectiva pessoal do criador.","{}"
"525","11","31","video","9Tuep9BUXpY","Homem provoca aborto sem consentimento em namorada | SBT Brasil (24/11/20)","UC376n347Ob5Lwzq2WGzF1AA","SBT News","midia_tradicional","informativo","O canal SBT News é operado pelo grupo SBT, empresa de mídia tradicional com presença em TV aberta, TV por assinatura e plataformas digitais. O vídeo segue o padrão de telejornalismo broadcast adaptado ao YouTube: reportagem sobre crime com função informativa e factual, típica de um boletim noticioso. A descrição do canal ('O FATO COMO ELE É') e a estrutura 24h de notícias confirmam a natureza jornalística institucional, não produtora digital nativa.","{}"
"526","11","32","video","5VfkbEb6TSA","Aborto seguro: conheça as diferenças entre os métodos","UCoyYnOCs_pr0oaXSitYi35g","AzMina","produtora_digital","informativo","AzMina opera como produtora digital nativa independente com marca corporativa própria, equipe profissionalizada, periodicidade estruturada (terças e quintas), múltiplos canais temáticos organizados em playlists e presença cross-plataforma sob identidade unificada. O conteúdo é jornalístico informativo com função educativa sobre temas de gênero, saúde e direitos, apresentando análise factual e profunda sem roteiro ficcional, alinhado ao posicionamento editorial crítico do veículo.","{}"
"527","11","33","video","9R-cVPUlqqM","CONTRA O AB0RT*!","UC72UjVo3m_pH5kfG4fkAToA","Lucas Pavanato","youtuber_profissional","informativo","Lucas Pavanato é um criador individual cuja persona política é central ao canal — o conteúdo gira em torno de sua figura como vereador e comentarista político, não de uma instituição. Apesar do cargo público, opera como YouTuber profissional com 1,2M inscritos e 1.089 vídeos, monetizando conteúdo de opinião política. O vídeo é informativo-opinativo, típico de comentarista político que analisa questões factuais (aborto) a partir de sua perspectiva pessoal e mandato.","{}"
"528","11","34","video","MCd4MyXGopA","Senado aprova projeto que dificulta aborto legal em crianças vítimas de estupro","UCaGmdJSSiR7fkh2A-c6emsA","g1","midia_tradicional","informativo","O canal g1 é o portal de notícias digital do Grupo Globo, vinculado explicitamente à empresa de mídia tradicional brasileira. O vídeo segue padrão de telejornalismo adaptado ao YouTube: cobertura factual de decisão legislativa com função informativa. A produção, audiência consolidada (2,3M inscritos) e descrição institucional confirmam a tipologia de mídia legada operando em plataforma digital.","{}"
"529","11","35","video","idex_2lT0_4","&#39;Fui interrogada enquanto sangrava&#39;, diz mulher processada por aborto","UCthbIFAxbXTTQEC7EcQvP1Q","BBC News Brasil","midia_tradicional","informativo","BBC News Brasil é canal oficial da emissora britânica de mídia tradicional, com 4,9 milhões de inscritos e 9.762 vídeos, operando conforme padrão broadcast adaptado ao YouTube. O vídeo apresenta narrativa jornalística factual sobre caso de mulher processada por aborto, com função informativa e cobertura de fatos contemporâneos, sem roteiro ficcional ou entretenimento.","{}"
"531","11","37","video","UjpiI9tuirU","Clínica de aborto: médico é preso em flagrante","UCG-fFAxQjZgJmn0w7Brj5xQ","Brasil Urgente","midia_tradicional","informativo","Brasil Urgente é canal oficial do telejornal homônimo transmitido pela Band, emissora de TV tradicional. A descrição explicita vínculo institucional com a emissora (Band, horário de exibição, formato de telejornalismo). O vídeo reproduz formato broadcast de reportagem policial investigativa, factual e noticiosa, com estrutura e linguagem típicas de jornalismo televisivo adaptado ao YouTube.","{}"
"532","11","38","video","jy0tjDdlbSw","Como saber se o útero está totalmente vazio após um aborto espontâneo?","UCCD9frJk2THTDtMq8snifOQ","Médico da Mulher","youtuber_profissional","educativo","O canal 'Médico da Mulher' opera como empresa de mídia individual centrada na persona do Dr. Diego Di Marco, que é indissociável da produção — o canal não existiria sem sua identidade como médico e sua experiência profissional sendo a âncora do conteúdo. Com 453 mil inscritos, 2,4 mil vídeos e postagem regular (shorts diários + vídeos em schedule fixo), demonstra profissionalização consolidada. O conteúdo é educativo por excelência: explicações sobre saúde da mulher em 'linguagem simples e acessível', estruturadas para transmitir conhecimento médico, ainda que o suporte seja a expertise pessoal e prestígio do criador.","{}"
"533","11","39","video","j1QOHzfWPNQ","Como exercer o direito de aborto legal? Luciana Temer explica os caminhos dentro da lei","UCNVsZnDXOM4PodYIEgM2e4w","Roda Viva","midia_tradicional","informativo","O canal Roda Viva é um programa de televisão pública (TV Cultura) que migrou para o YouTube mantendo sua estrutura jornalística original e vinculação institucional explícita. O vídeo segue o formato clássico de entrevista/debate noticiosa sobre tema de relevância pública (direitos reprodutivos e aborto legal), com presença de especialista e cobertura factual, reproduzindo a lógica do telejornalismo de análise.","{}"
"534","11","40","video","keOEIQb9gGw","&quot;Criança não é mãe&quot;: Luciana Temer fala sobre o direito ao aborto legal","UCb40meUp8tmOohWKaBWvs9w","Notícias RedeTV","midia_tradicional","informativo","O canal é derivado oficial da RedeTV!, uma emissora de televisão tradicional brasileira, conforme explicitado na descrição ('conteúdo de Jornalismo e Esportes da RedeTV!'). O vídeo apresenta entrevista jornalística com tema de interesse público (direito ao aborto), estruturado em formato de reportagem/cobertura noticiosa. A produção segue padrão broadcast adaptado ao YouTube, com baixíssimas visualizações (201) típicas de canais legacy que priorizam distribuição linear.","{}"
"535","11","41","video","3qW2yGk1Hsg","Aborto e Direitos  Um Debate Crucial para Mulheres","UClidAoBNv98yhWBfktCYVPA","DarkClips BRASIL","reaproveitamento","informativo","DarkClips BRASIL opera como farm de conteúdo que agrega e recontextualiza discussões de terceiros em formato de 'cortes' temáticos, explicitamente criado por IA para compilação. Apesar de 593 vídeos, a descrição revela ausência de produção original — o canal funciona como agregador de 'ideias longas' em formato curto, redistribuindo reflexões preexistentes. O vídeo sobre aborto é tipicamente informativo-opinativo, mas a estrutura do produtor caracteriza reaproveitamento sistemático de conteúdo alheio.","{}"
"536","11","42","video","_CpzMEvfjDU","Como é feito um aborto seguro com Misoprostol #SHORTS","UCoyYnOCs_pr0oaXSitYi35g","AzMina","produtora_digital","informativo","AzMina opera como produtora digital nativa: marca jornalística independente com equipe profissionalizada, periodicidade regular (terça e quinta), múltiplos canais coordenados (YouTube, Instagram, TikTok, newsletter), site próprio e modelo de sustentação por doações. O conteúdo é informativo-factual com função pedagógica e de saúde pública, não roteirizado nem opinativo, focado em desmistificar questões de gênero e saúde reprodutiva com rigor jornalístico.","{}"
"537","11","43","video","m0c-YQnysBo","Qual é a REAL visão católica sobre o ABORTO?","UC78W5KUTQbuk0bsyat8aJJg","Biblioteca Católica","produtora_digital","educativo","Biblioteca Católica opera como produtora digital nativa — empresa/marca com CNPJ (clube de leitores), múltiplos canais temáticos, identidade visual corporativa e equipe profissionalizada (leigos e sacerdotes creditados). O canal não gira em torno de uma persona individual, mas da marca institucional 'Biblioteca Católica'. O vídeo é educativo por excelência: explica doutrina religiosa de forma didática e descomplicada, respondendo dúvidas de fé com propriedade, função primária claramente pedagógica.","{}"
"538","11","44","video","FOW7GezNs54","Como fazer um aborto com pílulas: a história de Mina","UCk6Qc-ng4ITg1c-7hGVv_rA","Ipas","instituicao","educativo","Ipas é uma organização internacional sem fins lucrativos dedicada à justiça reprodutiva e acesso à saúde, operando em múltiplos países através de parcerias. O canal funciona como ferramenta de disseminação de informações de saúde pública baseadas em evidências, não como produto comercial ou entretenimento, caracterizando-se como instituição que governa e organiza acesso a direitos reprodutivos. O vídeo é educativo-informativo, fornecendo conhecimento factual sobre procedimentos de saúde mediante narrativa fictícia didática.","{}"
"539","11","45","video","BAzoLBWHrQk","A NOVA HISTERIA DA EXTREMA-DIREITA SOBRE O ABORTO","UCAMExYqcweM7PUebKfmLdFA","Ian Neves","youtuber_profissional","informativo","Ian Neves opera um canal individual com 553 mil inscritos e 1.139 vídeos, demonstrando profissionalização consolidada e regularidade de postagem. A persona do criador é central — o canal não existiria sem sua voz analítica e posicionamento político específico, mesmo que possa contar com equipe de suporte. O conteúdo se apresenta como análise política factual com função informativa sobre eventos e movimentos políticos contemporâneos, não como entretenimento roteirizado ou vlog confessional.","{}"
"540","11","46","video","YzwPHdAi21c","PIETRA E 30 FEMINISTAS BATEM DE FRENTE SOBRE ABORTO","UC5rO0aTewMfpk2UKKPTLBYw","Canal Foco","produtora_digital","entretenimento_roteirizado","Canal Foco opera como produtora digital nativa: marca institucional própria (não pessoa), equipe estruturada em torno de dinâmicas padronizadas, 1.16M inscritos e 639 vídeos indicam profissionalização consolidada, e o modelo 'dinâmica + convidados' é replicável sem figura central. O vídeo é entretenimento roteirizado pois segue formato recorrente ('1 VS 30') com proposição temática pré-definida que estrutura a interação, mesmo quando afirma 'nada é ensaiado'—a dinâmica em si é o roteiro.","{}"
"541","11","47","video","oeZpJfwzgZw","Saiba como funciona o aborto por telemedicina no Brasil","UCoyYnOCs_pr0oaXSitYi35g","AzMina","produtora_digital","informativo","AzMina opera como produtora digital nativa independente com marca institucionalizada, equipe profissionalizada, periodicidade regular (terças e quintas), identidade visual corporativa e múltiplos canais temáticos — a empresa transcende indivíduos específicos. O vídeo é informativo factual: cobertura de conferência com fonte especializada (médica ginecologista) sobre política pública de saúde reprodutiva, análogo ao jornalismo investigativo em plataforma.","{}"
"543","11","49","video","twCgEcgwfXk","Aborto espontâneo: Como lidar com o luto - Basta Sentir Maternidade T1 #5","UC6vPPDYQNj4ribpbO_N4eig","Mariana Rios - Basta Sentir","youtuber_profissional","vlog","Mariana Rios opera o canal como extensão de sua persona individual consolidada (atriz, cantora, apresentadora, escritora), onde ela é o centro indissociável da proposta de valor. O método 'Basta Sentir' é comercializado sob seu nome pessoal, com 404 vídeos e 107k inscritos construídos em torno de sua presença e narrativa autobiográfica. O conteúdo, ainda que estruturado em série temática (Maternidade T1), mantém a estética confessional e de primeira pessoa típica do vlog, focando em reflexões pessoais e experiências emocionais da criadora sobre maternidade e luto.","{}"
"544","11","50","video","E3FX9B07pxE","Aborto retido há duas semanas sem sintomas, o que fazer? #drdiegoresponde","UCCD9frJk2THTDtMq8snifOQ","Médico da Mulher","youtuber_profissional","educativo","O canal 'Médico da Mulher' opera como empresa pessoal do Dr. Diego Di Marco, cuja identidade profissional e credencial médica são inextricavelmente vinculadas à marca. Com 453 mil inscritos, 2.397 vídeos e publicação regular (sábados e quartas), o canal é indissociável do indivíduo, mesmo que conte com estrutura profissional. O conteúdo responde a questões clínicas específicas em formato educativo (tutorial/consulta), transmitindo conhecimento médico sobre condições de saúde da mulher de forma acessível.","{}"
