"id","data_coleta","semana_ano","dia_semana","horario_coleta","total_videos_coletados","observacoes"
"23","2026-05-27T13:17:03.41501+00:00","22","segunda","05h","50","Coleta automatizada GitHub Actions. Hora real: 2026-05-27T13:17:01.994804"
"24","2026-05-27T21:49:15.363326+00:00","22","segunda","05h","49","Coleta automatizada GitHub Actions. Hora real: 2026-05-27T21:49:13.604507"
"25","2026-05-28T11:31:42.709086+00:00","22","segunda","05h","49","Coleta automatizada GitHub Actions. Hora real: 2026-05-28T11:31:40.650709"
"26","2026-05-28T12:58:04.939908+00:00","22","segunda","05h","100","Coleta automatizada GitHub Actions. Hora real: 2026-05-28T12:58:01.813677"
"27","2026-05-28T17:49:08.507912+00:00","22","segunda","05h","523","Coleta automatizada GitHub Actions. Hora real: 2026-05-28T17:49:02.662179"
"28","2026-05-28T21:52:19.212106+00:00","22","segunda","05h","525","Coleta automatizada GitHub Actions. Hora real: 2026-05-28T21:52:13.156021"
"30","2026-05-29T13:19:23.280109+00:00","22","segunda","05h","513","[CLASSIFICAÇÃO PAUSADA] Coleta automatizada GitHub Actions. Hora real: 2026-05-29T13:19:17.651572"
"31","2026-05-29T21:50:01.493626+00:00","22","segunda","05h","516","[CLASSIFICAÇÃO PAUSADA] Coleta automatizada GitHub Actions. Hora real: 2026-05-29T21:49:55.357867"
"32","2026-05-30T09:52:11.631236+00:00","22","segunda","05h","515","[CLASSIFICAÇÃO PAUSADA] Coleta automatizada GitHub Actions. Hora real: 2026-05-30T09:52:05.838792"
"33","2026-05-30T20:50:34.793755+00:00","22","segunda","05h","515","[CLASSIFICAÇÃO PAUSADA] Coleta automatizada GitHub Actions. Hora real: 2026-05-30T20:50:28.950744"
"34","2026-05-31T10:09:14.722484+00:00","22","segunda","05h","512","[CLASSIFICAÇÃO PAUSADA] Coleta automatizada GitHub Actions. Hora real: 2026-05-31T10:09:08.220408"
"35","2026-05-31T20:53:50.645407+00:00","22","segunda","05h","518","[CLASSIFICAÇÃO PAUSADA] Coleta automatizada GitHub Actions. Hora real: 2026-05-31T20:53:45.431556"
"36","2026-06-01T13:29:43.52838+00:00","23","terça","17h","514","[CLASSIFICAÇÃO PAUSADA] Coleta automatizada GitHub Actions. Hora real: 2026-06-01T13:29:35.929662"
"37","2026-06-01T22:32:05.512564+00:00","23","terça","17h","518","[CLASSIFICAÇÃO PAUSADA] Coleta automatizada GitHub Actions. Hora real: 2026-06-01T22:31:59.033570"
"38","2026-06-02T11:58:26.66581+00:00","23","terça","17h","517","[CLASSIFICAÇÃO PAUSADA] Coleta automatizada GitHub Actions. Hora real: 2026-06-02T11:58:20.896114"
"39","2026-06-02T22:20:19.328467+00:00","23","terça","17h","521","[CLASSIFICAÇÃO PAUSADA] Coleta automatizada GitHub Actions. Hora real: 2026-06-02T22:20:13.113043"
"40","2026-06-03T12:32:41.395292+00:00","23","terça","17h","517","[CLASSIFICAÇÃO PAUSADA] Coleta automatizada GitHub Actions. Hora real: 2026-06-03T12:32:36.058151"
"41","2026-06-03T22:26:35.41388+00:00","23","terça","17h","513","[CLASSIFICAÇÃO PAUSADA] Coleta automatizada GitHub Actions. Hora real: 2026-06-03T22:26:30.022326"
"42","2026-06-04T10:56:33.914683+00:00","23","terça","17h","518","[CLASSIFICAÇÃO PAUSADA] Coleta automatizada GitHub Actions. Hora real: 2026-06-04T10:56:28.148845"
"43","2026-06-04T21:28:13.141109+00:00","23","terça","17h","530","[CLASSIFICAÇÃO PAUSADA] Coleta automatizada GitHub Actions. Hora real: 2026-06-04T21:28:06.493472"
"44","2026-06-05T11:19:24.956586+00:00","23","terça","17h","515","[CLASSIFICAÇÃO PAUSADA] Coleta automatizada GitHub Actions. Hora real: 2026-06-05T11:19:19.100746"
"45","2026-06-05T21:20:58.773329+00:00","23","terça","17h","511","[CLASSIFICAÇÃO PAUSADA] Coleta automatizada GitHub Actions. Hora real: 2026-06-05T21:20:52.587005"
"46","2026-06-06T09:55:35.291818+00:00","23","terça","17h","514","[CLASSIFICAÇÃO PAUSADA] Coleta automatizada GitHub Actions. Hora real: 2026-06-06T09:55:30.131697"
"47","2026-06-06T20:58:42.186681+00:00","23","terça","17h","527","[CLASSIFICAÇÃO PAUSADA] Coleta automatizada GitHub Actions. Hora real: 2026-06-06T20:58:37.232030"
"48","2026-06-07T10:23:02.18594+00:00","23","terça","17h","528","[CLASSIFICAÇÃO PAUSADA] Coleta automatizada GitHub Actions. Hora real: 2026-06-07T10:22:56.920754"
"49","2026-06-07T21:06:00.268438+00:00","23","terça","17h","530","[CLASSIFICAÇÃO PAUSADA] Coleta automatizada GitHub Actions. Hora real: 2026-06-07T21:05:54.629889"
"50","2026-06-08T12:23:01.127112+00:00","24","quarta","05h","526","[CLASSIFICAÇÃO PAUSADA] Coleta automatizada GitHub Actions. Hora real: 2026-06-08T12:22:55.861219"
"51","2026-06-08T21:47:26.328181+00:00","24","quarta","05h","528","[CLASSIFICAÇÃO PAUSADA] Coleta automatizada GitHub Actions. Hora real: 2026-06-08T21:47:20.381318"
"52","2026-06-09T10:54:23.455624+00:00","24","quarta","05h","527","[CLASSIFICAÇÃO PAUSADA] Coleta automatizada GitHub Actions. Hora real: 2026-06-09T10:53:24.781808"
"53","2026-06-09T21:44:47.864057+00:00","24","quarta","05h","532","[CLASSIFICAÇÃO PAUSADA] Coleta automatizada GitHub Actions. Hora real: 2026-06-09T21:44:42.277334"
"54","2026-06-10T11:32:27.869928+00:00","24","quarta","05h","534","[CLASSIFICAÇÃO PAUSADA] Coleta automatizada GitHub Actions. Hora real: 2026-06-10T11:32:22.326343"
"55","2026-06-10T21:54:33.501513+00:00","24","quarta","05h","540","[CLASSIFICAÇÃO PAUSADA] Coleta automatizada GitHub Actions. Hora real: 2026-06-10T21:54:27.945125"
"56","2026-06-11T12:04:12.391176+00:00","24","quarta","05h","535","[CLASSIFICAÇÃO PAUSADA] Coleta automatizada GitHub Actions. Hora real: 2026-06-11T12:04:01.050065"
"57","2026-06-11T21:57:14.09938+00:00","24","quarta","05h","540","[CLASSIFICAÇÃO PAUSADA] Coleta automatizada GitHub Actions. Hora real: 2026-06-11T21:57:08.531696"
"58","2026-06-12T11:37:32.397509+00:00","24","quarta","05h","540","[CLASSIFICAÇÃO PAUSADA] Coleta automatizada GitHub Actions. Hora real: 2026-06-12T11:37:27.134238"
"59","2026-06-12T21:27:24.368191+00:00","24","quarta","05h","536","[CLASSIFICAÇÃO PAUSADA] Coleta automatizada GitHub Actions. Hora real: 2026-06-12T21:27:18.124467"
"60","2026-06-13T10:22:46.923764+00:00","24","quarta","05h","539","[CLASSIFICAÇÃO PAUSADA] Coleta automatizada GitHub Actions. Hora real: 2026-06-13T10:22:41.249829"
"61","2026-06-13T21:09:03.840809+00:00","24","quarta","05h","533","[CLASSIFICAÇÃO PAUSADA] Coleta automatizada GitHub Actions. Hora real: 2026-06-13T21:08:58.074770"
"62","2026-06-14T10:45:11.410392+00:00","24","quarta","05h","528","[CLASSIFICAÇÃO PAUSADA] Coleta automatizada GitHub Actions. Hora real: 2026-06-14T10:45:06.763130"
"63","2026-06-14T21:05:23.947079+00:00","24","quarta","05h","535","[CLASSIFICAÇÃO PAUSADA] Coleta automatizada GitHub Actions. Hora real: 2026-06-14T21:05:17.889332"
"64","2026-06-15T13:48:32.334211+00:00","25","quinta","17h","531","[CLASSIFICAÇÃO PAUSADA] Coleta automatizada GitHub Actions. Hora real: 2026-06-15T13:48:26.965289"
"65","2026-06-15T22:14:10.780144+00:00","25","quinta","17h","537","[CLASSIFICAÇÃO PAUSADA] Coleta automatizada GitHub Actions. Hora real: 2026-06-15T22:14:05.391541"
"66","2026-06-16T12:47:03.542016+00:00","25","quinta","17h","532","[CLASSIFICAÇÃO PAUSADA] Coleta automatizada GitHub Actions. Hora real: 2026-06-16T12:46:58.542231"
"67","2026-06-16T22:07:48.091008+00:00","25","quinta","17h","524","[CLASSIFICAÇÃO PAUSADA] Coleta automatizada GitHub Actions. Hora real: 2026-06-16T22:07:41.811725"
"68","2026-06-17T12:11:10.914489+00:00","25","quinta","17h","519","[CLASSIFICAÇÃO PAUSADA] Coleta automatizada GitHub Actions. Hora real: 2026-06-17T12:11:05.569944"
"69","2026-06-17T21:56:14.135239+00:00","25","quinta","17h","525","[CLASSIFICAÇÃO PAUSADA] Coleta automatizada GitHub Actions. Hora real: 2026-06-17T21:56:08.020577"
"70","2026-06-18T11:45:52.769272+00:00","25","quinta","17h","517","[CLASSIFICAÇÃO PAUSADA] Coleta automatizada GitHub Actions. Hora real: 2026-06-18T11:45:47.351008"
"71","2026-06-18T22:02:00.100969+00:00","25","quinta","17h","532","[CLASSIFICAÇÃO PAUSADA] Coleta automatizada GitHub Actions. Hora real: 2026-06-18T22:01:54.528511"
"72","2026-06-19T12:00:07.719512+00:00","25","quinta","17h","517","[CLASSIFICAÇÃO PAUSADA] Coleta automatizada GitHub Actions. Hora real: 2026-06-19T12:00:01.741286"
"73","2026-06-19T21:05:06.461531+00:00","25","quinta","17h","527","[CLASSIFICAÇÃO PAUSADA] Coleta automatizada GitHub Actions. Hora real: 2026-06-19T21:05:00.717645"
"74","2026-06-20T10:27:47.634402+00:00","25","quinta","17h","510","[CLASSIFICAÇÃO PAUSADA] Coleta automatizada GitHub Actions. Hora real: 2026-06-20T10:27:42.313314"
"75","2026-06-20T21:10:38.446601+00:00","25","quinta","17h","512","[CLASSIFICAÇÃO PAUSADA] Coleta automatizada GitHub Actions. Hora real: 2026-06-20T21:10:33.636377"
"76","2026-06-21T11:00:40.159398+00:00","25","quinta","17h","513","[CLASSIFICAÇÃO PAUSADA] Coleta automatizada GitHub Actions. Hora real: 2026-06-21T11:00:34.843367"
"77","2026-06-21T21:09:22.569205+00:00","25","quinta","17h","511","[CLASSIFICAÇÃO PAUSADA] Coleta automatizada GitHub Actions. Hora real: 2026-06-21T21:09:16.782931"
"78","2026-06-22T13:28:33.670799+00:00","26","sexta","05h","516","[CLASSIFICAÇÃO PAUSADA] Coleta automatizada GitHub Actions. Hora real: 2026-06-22T13:28:27.492982"
"79","2026-06-22T21:58:51.85771+00:00","26","sexta","05h","519","[CLASSIFICAÇÃO PAUSADA] Coleta automatizada GitHub Actions. Hora real: 2026-06-22T21:58:43.849010"
"80","2026-06-23T10:56:26.779956+00:00","26","sexta","05h","522","[CLASSIFICAÇÃO PAUSADA] Coleta automatizada GitHub Actions. Hora real: 2026-06-23T10:56:20.955695"
"81","2026-06-23T21:27:45.409623+00:00","26","sexta","05h","521","[CLASSIFICAÇÃO PAUSADA] Coleta automatizada GitHub Actions. Hora real: 2026-06-23T21:27:39.566401"
"82","2026-06-24T10:42:11.318646+00:00","26","sexta","05h","523","[CLASSIFICAÇÃO PAUSADA] Coleta automatizada GitHub Actions. Hora real: 2026-06-24T10:42:06.639711"
"83","2026-06-24T21:19:13.423591+00:00","26","sexta","05h","515","[CLASSIFICAÇÃO PAUSADA] Coleta automatizada GitHub Actions. Hora real: 2026-06-24T21:19:07.567706"
"84","2026-06-25T10:36:23.983129+00:00","26","sexta","05h","518","[CLASSIFICAÇÃO PAUSADA] Coleta automatizada GitHub Actions. Hora real: 2026-06-25T10:36:17.252027"
"85","2026-06-25T21:26:54.303125+00:00","26","sexta","05h","517","[CLASSIFICAÇÃO PAUSADA] Coleta automatizada GitHub Actions. Hora real: 2026-06-25T21:26:46.932113"
"86","2026-06-26T10:44:47.525712+00:00","26","sexta","05h","519","[CLASSIFICAÇÃO PAUSADA] Coleta automatizada GitHub Actions. Hora real: 2026-06-26T10:44:41.293570"
"87","2026-06-26T21:15:17.568068+00:00","26","sexta","05h","520","[CLASSIFICAÇÃO PAUSADA] Coleta automatizada GitHub Actions. Hora real: 2026-06-26T21:15:10.897329"
"88","2026-06-27T09:57:37.875129+00:00","26","sexta","05h","519","[CLASSIFICAÇÃO PAUSADA] Coleta automatizada GitHub Actions. Hora real: 2026-06-27T09:57:31.791697"
"89","2026-06-27T20:56:15.427294+00:00","26","sexta","05h","531","[CLASSIFICAÇÃO PAUSADA] Coleta automatizada GitHub Actions. Hora real: 2026-06-27T20:56:09.384108"
"90","2026-06-28T10:22:03.542077+00:00","26","sexta","05h","514","[CLASSIFICAÇÃO PAUSADA] Coleta automatizada GitHub Actions. Hora real: 2026-06-28T10:21:58.017154"
"91","2026-06-28T20:56:29.424021+00:00","26","sexta","05h","515","[CLASSIFICAÇÃO PAUSADA] Coleta automatizada GitHub Actions. Hora real: 2026-06-28T20:56:23.473236"
"92","2026-06-29T12:24:42.01245+00:00","27","sábado","17h","522","[CLASSIFICAÇÃO PAUSADA] Coleta automatizada GitHub Actions. Hora real: 2026-06-29T12:24:35.830520"
"93","2026-06-29T21:20:53.207107+00:00","27","sábado","17h","529","[CLASSIFICAÇÃO PAUSADA] Coleta automatizada GitHub Actions. Hora real: 2026-06-29T21:20:47.096154"
"94","2026-06-30T10:49:48.631845+00:00","27","sábado","17h","524","[CLASSIFICAÇÃO PAUSADA] Coleta automatizada GitHub Actions. Hora real: 2026-06-30T10:49:42.190427"
"95","2026-06-30T21:24:09.382567+00:00","27","sábado","17h","525","[CLASSIFICAÇÃO PAUSADA] Coleta automatizada GitHub Actions. Hora real: 2026-06-30T21:24:02.874019"
"96","2026-07-01T11:17:49.001567+00:00","27","sábado","17h","524","[CLASSIFICAÇÃO PAUSADA] Coleta automatizada GitHub Actions. Hora real: 2026-07-01T11:17:43.480062"
"97","2026-07-01T21:22:45.354726+00:00","27","sábado","17h","525","[CLASSIFICAÇÃO PAUSADA] Coleta automatizada GitHub Actions. Hora real: 2026-07-01T21:22:39.684115"
"98","2026-07-02T10:30:10.298409+00:00","27","sábado","17h","521","[CLASSIFICAÇÃO PAUSADA] Coleta automatizada GitHub Actions. Hora real: 2026-07-02T10:30:03.898406"
"99","2026-07-02T20:58:48.696801+00:00","27","sábado","17h","525","[CLASSIFICAÇÃO PAUSADA] Coleta automatizada GitHub Actions. Hora real: 2026-07-02T20:58:43.404429"
"100","2026-07-03T10:27:47.415867+00:00","27","sábado","17h","518","[CLASSIFICAÇÃO PAUSADA] Coleta automatizada GitHub Actions. Hora real: 2026-07-03T10:27:42.768023"
"101","2026-07-03T20:57:59.279168+00:00","27","sábado","17h","525","[CLASSIFICAÇÃO PAUSADA] Coleta automatizada GitHub Actions. Hora real: 2026-07-03T20:57:54.634346"
"102","2026-07-04T10:01:28.428973+00:00","27","sábado","17h","527","[CLASSIFICAÇÃO PAUSADA] Coleta automatizada GitHub Actions. Hora real: 2026-07-04T10:01:23.202527"
"103","2026-07-04T20:50:12.818547+00:00","27","sábado","17h","527","[CLASSIFICAÇÃO PAUSADA] Coleta automatizada GitHub Actions. Hora real: 2026-07-04T20:50:06.006962"
"104","2026-07-05T10:04:26.0941+00:00","27","sábado","17h","523","[CLASSIFICAÇÃO PAUSADA] Coleta automatizada GitHub Actions. Hora real: 2026-07-05T10:04:18.498156"
"105","2026-07-05T20:52:33.470925+00:00","27","sábado","17h","526","[CLASSIFICAÇÃO PAUSADA] Coleta automatizada GitHub Actions. Hora real: 2026-07-05T20:52:28.000039"
"106","2026-07-06T11:57:34.770488+00:00","28","domingo","05h","531","[CLASSIFICAÇÃO PAUSADA] Coleta automatizada GitHub Actions. Hora real: 2026-07-06T11:57:29.420343"
"107","2026-07-06T21:24:47.272058+00:00","28","segunda","18h","523","[CLASSIFICAÇÃO PAUSADA] Coleta automatizada GitHub Actions. Hora real: 2026-07-06T21:24:41.434280"
"108","2026-07-07T10:47:55.035494+00:00","28","terça","07h","523","[CLASSIFICAÇÃO PAUSADA] Coleta automatizada GitHub Actions. Hora real: 2026-07-07T10:47:49.647521"
"109","2026-07-07T21:18:25.800966+00:00","28","terça","18h","519","[CLASSIFICAÇÃO PAUSADA] Coleta automatizada GitHub Actions. Hora real: 2026-07-07T21:18:20.355354"
"110","2026-07-08T10:09:14.650513+00:00","28","quarta","07h","522","[CLASSIFICAÇÃO PAUSADA] Coleta automatizada GitHub Actions. Hora real: 2026-07-08T10:09:08.776366"
"111","2026-07-08T21:01:10.427434+00:00","28","quarta","18h","523","[CLASSIFICAÇÃO PAUSADA] Coleta automatizada GitHub Actions. Hora real: 2026-07-08T21:01:04.495746"
"112","2026-07-09T10:47:27.051269+00:00","28","quinta","07h","522","[CLASSIFICAÇÃO PAUSADA] Coleta automatizada GitHub Actions. Hora real: 2026-07-09T10:47:21.074387"
"113","2026-07-09T21:17:57.03495+00:00","28","quinta","18h","521","[CLASSIFICAÇÃO PAUSADA] Coleta automatizada GitHub Actions. Hora real: 2026-07-09T21:17:50.764217"
"114","2026-07-10T10:45:46.66163+00:00","28","sexta","07h","518","[CLASSIFICAÇÃO PAUSADA] Coleta automatizada GitHub Actions. Hora real: 2026-07-10T10:45:41.274622"
"115","2026-07-10T21:02:13.483293+00:00","28","sexta","18h","525","[CLASSIFICAÇÃO PAUSADA] Coleta automatizada GitHub Actions. Hora real: 2026-07-10T21:02:07.553581"
"116","2026-07-11T09:19:11.862515+00:00","28","sábado","06h","526","[CLASSIFICAÇÃO PAUSADA] Coleta automatizada GitHub Actions. Hora real: 2026-07-11T09:19:06.096799"
"117","2026-07-11T20:41:54.251542+00:00","28","sábado","17h","523","[CLASSIFICAÇÃO PAUSADA] Coleta automatizada GitHub Actions. Hora real: 2026-07-11T20:41:48.533407"
"118","2026-07-12T09:44:19.476641+00:00","28","domingo","06h","525","[CLASSIFICAÇÃO PAUSADA] Coleta automatizada GitHub Actions. Hora real: 2026-07-12T09:44:13.860494"
"119","2026-07-12T20:38:26.417957+00:00","28","domingo","17h","525","[CLASSIFICAÇÃO PAUSADA] Coleta automatizada GitHub Actions. Hora real: 2026-07-12T20:38:20.161679"
"120","2026-07-13T10:51:47.136468+00:00","29","segunda","07h","524","[CLASSIFICAÇÃO PAUSADA] Coleta automatizada GitHub Actions. Hora real: 2026-07-13T10:51:41.779972"
"121","2026-07-13T20:53:09.062161+00:00","29","segunda","17h","527","[CLASSIFICAÇÃO PAUSADA] Coleta automatizada GitHub Actions. Hora real: 2026-07-13T20:53:02.766662"
"122","2026-07-14T09:48:41.500724+00:00","29","terça","06h","529","[CLASSIFICAÇÃO PAUSADA] Coleta automatizada GitHub Actions. Hora real: 2026-07-14T09:48:36.085209"
"123","2026-07-14T20:54:36.280352+00:00","29","terça","17h","537","[CLASSIFICAÇÃO PAUSADA] Coleta automatizada GitHub Actions. Hora real: 2026-07-14T20:54:31.051537"
"124","2026-07-15T09:52:43.993769+00:00","29","quarta","06h","536","[CLASSIFICAÇÃO PAUSADA] Coleta automatizada GitHub Actions. Hora real: 2026-07-15T09:52:38.276295"
"125","2026-07-15T20:54:06.370952+00:00","29","quarta","17h","533","[CLASSIFICAÇÃO PAUSADA] Coleta automatizada GitHub Actions. Hora real: 2026-07-15T20:54:01.217387"
"126","2026-07-16T09:59:11.191751+00:00","29","quinta","06h","532","[CLASSIFICAÇÃO PAUSADA] Coleta automatizada GitHub Actions. Hora real: 2026-07-16T09:59:05.394853"
"127","2026-07-16T20:51:54.390492+00:00","29","quinta","17h","534","[CLASSIFICAÇÃO PAUSADA] Coleta automatizada GitHub Actions. Hora real: 2026-07-16T20:51:47.140915"
"128","2026-07-17T09:49:17.224971+00:00","29","sexta","06h","526","[CLASSIFICAÇÃO PAUSADA] Coleta automatizada GitHub Actions. Hora real: 2026-07-17T09:49:11.837883"
"129","2026-07-17T20:47:28.377382+00:00","29","sexta","17h","532","[CLASSIFICAÇÃO PAUSADA] Coleta automatizada GitHub Actions. Hora real: 2026-07-17T20:47:23.079722"
"130","2026-07-18T09:16:45.196649+00:00","29","sábado","06h","524","[CLASSIFICAÇÃO PAUSADA] Coleta automatizada GitHub Actions. Hora real: 2026-07-18T09:16:39.851088"
"131","2026-07-18T20:40:30.502492+00:00","29","sábado","17h","519","[CLASSIFICAÇÃO PAUSADA] Coleta automatizada GitHub Actions. Hora real: 2026-07-18T20:40:24.419604"
"132","2026-07-19T09:45:32.698381+00:00","29","domingo","06h","517","[CLASSIFICAÇÃO PAUSADA] Coleta automatizada GitHub Actions. Hora real: 2026-07-19T09:45:27.724666"
"133","2026-07-19T20:40:16.02934+00:00","29","domingo","17h","523","[CLASSIFICAÇÃO PAUSADA] Coleta automatizada GitHub Actions. Hora real: 2026-07-19T20:40:10.230910"
"134","2026-07-20T10:42:54.616336+00:00","30","segunda","07h","524","[CLASSIFICAÇÃO PAUSADA] Coleta automatizada GitHub Actions. Hora real: 2026-07-20T10:42:49.574725"
"135","2026-07-20T21:06:00.632322+00:00","30","segunda","18h","531","[CLASSIFICAÇÃO PAUSADA] Coleta automatizada GitHub Actions. Hora real: 2026-07-20T21:05:55.465548"
"136","2026-07-21T10:17:44.825419+00:00","30","terça","07h","529","[CLASSIFICAÇÃO PAUSADA] Coleta automatizada GitHub Actions. Hora real: 2026-07-21T10:17:39.009827"
"137","2026-07-21T21:01:19.941946+00:00","30","terça","18h","531","[CLASSIFICAÇÃO PAUSADA] Coleta automatizada GitHub Actions. Hora real: 2026-07-21T21:01:14.473872"
"138","2026-07-22T10:16:59.240596+00:00","30","quarta","07h","523","[CLASSIFICAÇÃO PAUSADA] Coleta automatizada GitHub Actions. Hora real: 2026-07-22T10:16:53.384620"
"139","2026-07-22T20:59:12.390189+00:00","30","quarta","17h","522","[CLASSIFICAÇÃO PAUSADA] Coleta automatizada GitHub Actions. Hora real: 2026-07-22T20:59:06.956017"
"140","2026-07-23T10:13:08.894122+00:00","30","quinta","07h","524","[CLASSIFICAÇÃO PAUSADA] Coleta automatizada GitHub Actions. Hora real: 2026-07-23T10:13:03.473214"
"141","2026-07-23T20:56:33.018005+00:00","30","quinta","17h","528","[CLASSIFICAÇÃO PAUSADA] Coleta automatizada GitHub Actions. Hora real: 2026-07-23T20:56:28.090221"
"142","2026-07-24T10:08:54.960999+00:00","30","sexta","07h","528","[CLASSIFICAÇÃO PAUSADA] Coleta automatizada GitHub Actions. Hora real: 2026-07-24T10:08:50.189011"
"143","2026-07-24T20:57:23.343662+00:00","30","sexta","17h","522","[CLASSIFICAÇÃO PAUSADA] Coleta automatizada GitHub Actions. Hora real: 2026-07-24T20:57:18.437492"
"144","2026-07-25T09:29:37.425951+00:00","30","sábado","06h","524","[CLASSIFICAÇÃO PAUSADA] Coleta automatizada GitHub Actions. Hora real: 2026-07-25T09:29:31.765861"
"145","2026-07-25T20:43:01.704724+00:00","30","sábado","17h","525","[CLASSIFICAÇÃO PAUSADA] Coleta automatizada GitHub Actions. Hora real: 2026-07-25T20:42:56.253856"
"146","2026-07-26T09:52:00.143982+00:00","30","domingo","06h","514","[CLASSIFICAÇÃO PAUSADA] Coleta automatizada GitHub Actions. Hora real: 2026-07-26T09:51:54.329962"
"147","2026-07-26T20:51:38.550501+00:00","30","domingo","17h","517","[CLASSIFICAÇÃO PAUSADA] Coleta automatizada GitHub Actions. Hora real: 2026-07-26T20:51:33.325788"
"148","2026-07-27T11:11:42.460288+00:00","31","segunda","08h","515","[CLASSIFICAÇÃO PAUSADA] Coleta automatizada GitHub Actions. Hora real: 2026-07-27T11:11:37.974460"
"149","2026-07-27T21:05:24.547973+00:00","31","segunda","18h","511","[CLASSIFICAÇÃO PAUSADA] Coleta automatizada GitHub Actions. Hora real: 2026-07-27T21:05:19.286728"
"150","2026-07-28T10:26:20.196512+00:00","31","terça","07h","515","[CLASSIFICAÇÃO PAUSADA] Coleta automatizada GitHub Actions. Hora real: 2026-07-28T10:26:15.336064"
"151","2026-07-28T21:02:58.22502+00:00","31","terça","18h","513","[CLASSIFICAÇÃO PAUSADA] Coleta automatizada GitHub Actions. Hora real: 2026-07-28T21:02:53.050767"
"152","2026-07-29T10:31:34.886276+00:00","31","quarta","07h","509","[CLASSIFICAÇÃO PAUSADA] Coleta automatizada GitHub Actions. Hora real: 2026-07-29T10:31:29.392183"
"153","2026-07-29T20:47:34.660336+00:00","31","quarta","17h","513","[CLASSIFICAÇÃO PAUSADA] Coleta automatizada GitHub Actions. Hora real: 2026-07-29T20:47:29.212659"
"154","2026-07-30T10:14:35.091135+00:00","31","quinta","07h","512","[CLASSIFICAÇÃO PAUSADA] Coleta automatizada GitHub Actions. Hora real: 2026-07-30T10:14:29.968865"
"155","2026-07-30T21:01:43.859128+00:00","31","quinta","18h","509","[CLASSIFICAÇÃO PAUSADA] Coleta automatizada GitHub Actions. Hora real: 2026-07-30T21:01:38.322590"
"156","2026-07-31T10:30:08.821411+00:00","31","sexta","07h","502","[CLASSIFICAÇÃO PAUSADA] Coleta automatizada GitHub Actions. Hora real: 2026-07-31T10:30:03.283966"
"157","2026-07-31T20:58:36.811686+00:00","31","sexta","17h","516","[CLASSIFICAÇÃO PAUSADA] Coleta automatizada GitHub Actions. Hora real: 2026-07-31T20:58:31.399502"
"158","2026-08-01T09:51:12.394238+00:00","31","sábado","06h","498","[CLASSIFICAÇÃO PAUSADA] Coleta automatizada GitHub Actions. Hora real: 2026-08-01T09:51:06.765707"
"159","2026-08-01T20:43:13.022875+00:00","31","sábado","17h","495","[CLASSIFICAÇÃO PAUSADA] Coleta automatizada GitHub Actions. Hora real: 2026-08-01T20:43:07.808277"
"160","2026-08-02T09:49:46.034472+00:00","31","domingo","06h","499","[CLASSIFICAÇÃO PAUSADA] Coleta automatizada GitHub Actions. Hora real: 2026-08-02T09:49:40.294919"
"161","2026-08-02T20:46:42.197186+00:00","31","domingo","17h","491","[CLASSIFICAÇÃO PAUSADA] Coleta automatizada GitHub Actions. Hora real: 2026-08-02T20:46:36.326934"
